n_members,n_windows,sol_lon_min,sol_lon_max,best_z,ra,dec,vgeo,sol_lon,q,e,i,peri,node,gmn_code,gmn_code_fraction,sporadic_fraction,iau_established,iau_established_sep,iau_working,iau_working_sep,gathered,n_years_present,n_years_excess,excess_years,median_year_z,max_year_fraction,gathered_sporadic_fraction,lam_sun_centred,beta_ecl,nearest_sporadic_source,sporadic_source_dist_deg,iau_recheck_established,iau_recheck_working
21,1,46.5,48.5,17.0,225.65,64.64,16.59,48.04,1.0063,0.6137,24.37,187.6,48.05,,0.0,1.0,,,,,234,8,8,"2019,2020,2021,2022,2023,2024,2025,2026",28.5,0.303,1.0,115.44,69.66,north_toroidal,66.4,,
25,2,70.5,74.0,16.0,282.37,-11.43,40.34,72.6,0.0996,0.956,41.26,329.17,72.6,,0.0,1.0,,,,,92,8,8,"2019,2020,2021,2022,2023,2024,2025,2026",6.0,0.304,1.0,209.86,11.56,antihelion,15.2,,
73,1,78.0,80.0,8.81,3.3,10.96,66.91,79.12,0.767,0.913,162.42,119.1,79.11,,0.0,1.0,,,,,250,8,8,"2019,2020,2021,2022,2023,2024,2025,2026",26.5,0.372,0.728,287.16,10.09,north_apex,17.5,,
14,1,91.5,93.5,8.86,303.06,-17.44,40.74,92.82,0.0582,0.9741,8.99,333.92,92.93,,0.0,1.0,,,,,81,8,8,"2019,2020,2021,2022,2023,2024,2025,2026",7.5,0.321,1.0,207.4,2.45,antihelion,7.8,,
16,1,45.0,47.0,13.0,184.7,29.04,10.04,45.6,0.9847,0.5968,7.51,200.5,45.63,,0.0,1.0,,,,,290,8,8,"2019,2020,2021,2022,2023,2024,2025,2026",27.5,0.269,1.0,127.22,30.11,antihelion,76.5,,
39,2,201.0,204.5,11.0,89.25,-11.18,58.59,203.4,0.7447,0.9599,113.1,61.29,23.4,,0.0,1.0,,,,,55,7,7,"2019,2020,2021,2022,2023,2024,2025",4.0,0.364,1.0,245.37,-34.12,south_apex,29.5,,
13,1,234.0,236.0,11.0,75.44,26.68,40.61,234.72,0.1306,0.9826,10.54,319.23,234.72,,0.0,1.0,,,,,195,7,7,"2019,2020,2021,2022,2023,2024,2025",24.0,0.338,0.641,202.5,3.9,antihelion,4.6,,
58,2,36.0,39.5,17.0,270.64,7.42,55.2,38.4,0.5267,0.9654,105.23,268.58,38.39,,0.0,1.0,,,,,72,7,7,"2020,2021,2022,2023,2024,2025,2026",7.0,0.361,1.0,232.45,31.58,north_apex,38.3,,
76,3,144.0,149.0,17.0,76.07,36.46,65.69,145.05,0.6367,0.9798,152.04,104.03,145.05,,0.0,1.0,,,,,138,7,7,"2019,2020,2021,2022,2023,2024,2025",17.0,0.362,1.0,293.59,14.4,north_apex,22.8,,
14,1,156.0,158.0,11.0,32.37,-13.7,54.73,156.54,0.335,0.9887,106.97,110.35,336.54,,0.0,1.0,,,,,72,7,7,"2019,2020,2021,2022,2023,2024,2025",8.0,0.347,1.0,227.35,-24.76,antihelion,36.4,,
18,1,223.5,225.5,17.0,112.43,2.52,65.12,224.8,0.682,0.8969,142.44,69.04,44.8,,0.0,1.0,,,,,76,7,7,"2019,2020,2021,2022,2023,2024,2025",9.0,0.263,1.0,249.14,-18.88,south_apex,20.3,,
11,1,223.5,225.5,11.0,65.46,12.44,36.01,224.35,0.1821,0.9278,17.89,134.56,44.35,,0.0,1.0,,,,,102,7,7,"2019,2020,2021,2022,2023,2024,2025",15.0,0.255,1.0,202.36,-8.6,antihelion,8.9,,
13,1,49.5,51.5,11.0,289.25,-15.33,63.03,50.28,0.3679,0.9719,163.34,287.47,50.27,,0.0,1.0,,,,,50,7,7,"2020,2021,2022,2023,2024,2025,2026",3.5,0.34,1.0,238.12,7.04,north_apex,32.3,,
17,1,123.0,125.0,13.0,269.1,22.81,14.45,123.69,0.9457,0.6411,16.28,215.21,123.71,,0.0,1.0,,,,,272,7,7,"2019,2020,2021,2022,2023,2024,2025",23.0,0.438,0.971,147.24,45.12,antihelion,66.4,,
14,1,33.0,35.0,11.0,245.03,26.4,38.19,33.46,0.6736,0.9361,54.67,252.13,33.46,,0.0,1.0,,,,,70,7,7,"2020,2021,2022,2023,2024,2025,2026",6.5,0.314,1.0,204.12,46.37,north_toroidal,41.8,,
23,1,30.0,32.0,18.0,116.67,43.78,8.44,30.92,1.0005,0.5791,5.29,171.21,30.97,,0.0,1.0,,,,,206,7,7,"2020,2021,2022,2023,2024,2025,2026",4.0,0.335,1.0,80.37,19.59,helion,100.8,,
10,1,85.5,87.5,8.0,318.42,59.25,40.92,86.97,1.0112,0.8704,69.76,171.73,86.97,,0.0,1.0,,,,,41,7,7,"2020,2021,2022,2023,2024,2025,2026",5.0,0.293,1.0,283.42,68.29,north_toroidal,10.1,,
24,1,193.5,195.5,19.0,19.78,69.43,40.24,194.4,0.7966,0.9233,64.93,235.28,194.4,,0.0,1.0,,,,,85,7,7,"2019,2020,2021,2022,2023,2024,2025",12.0,0.306,1.0,218.73,55.47,north_toroidal,27.7,,
10,1,124.5,126.5,10.0,236.8,32.28,11.74,125.69,1.0149,0.6273,14.57,182.45,125.71,,0.0,1.0,,,,,233,7,7,"2019,2020,2021,2022,2023,2024,2025",22.0,0.369,1.0,94.68,52.41,north_toroidal,97.8,,
13,1,52.5,54.5,10.0,258.44,31.47,35.3,53.89,0.7847,0.9235,51.56,238.13,53.89,,0.0,1.0,,,,,46,7,7,"2020,2021,2022,2023,2024,2025,2026",5.0,0.261,1.0,200.34,53.69,north_toroidal,38.6,,
13,1,22.5,24.5,6.11,226.23,7.13,38.65,23.84,0.34,0.9752,37.47,289.65,23.84,,0.0,1.0,,,,,46,7,7,"2020,2021,2022,2023,2024,2025,2026",3.5,0.326,1.0,196.57,23.31,antihelion,23.6,,
28,1,9.0,11.0,8.0,297.39,-3.64,65.41,10.12,0.7339,0.8865,147.0,115.53,10.11,,0.0,1.0,,,,,34,7,7,"2020,2021,2022,2023,2024,2025,2026",2.5,0.412,1.0,289.16,17.21,north_apex,18.5,,
34,2,130.5,134.0,16.0,324.36,-11.29,29.0,131.33,0.3572,0.8513,3.57,292.36,132.29,,0.0,1.0,,,,,439,7,7,"2019,2020,2021,2022,2023,2024,2025",48.0,0.349,1.0,190.59,2.62,antihelion,9.8,,
21,1,27.0,29.0,19.71,235.52,-17.83,40.59,27.85,0.0567,0.972,6.33,335.19,28.2,,0.0,1.0,,,,,184,7,7,"2020,2021,2022,2023,2024,2025,2026",18.0,0.299,1.0,207.93,1.45,antihelion,8.1,,
12,1,210.0,212.0,13.0,314.29,51.87,16.88,210.63,0.9662,0.6867,23.23,202.05,210.63,,0.0,1.0,,,,,233,7,7,"2019,2020,2021,2022,2023,2024,2025",25.0,0.309,1.0,135.97,62.81,north_toroidal,64.2,,
21,1,10.5,12.5,7.06,254.29,5.06,60.07,11.48,0.6083,0.9316,121.13,259.93,11.48,,0.0,1.0,,,,,39,7,7,"2020,2021,2022,2023,2024,2025,2026",3.5,0.462,1.0,240.4,27.54,north_apex,30.3,,
17,1,159.0,161.0,13.0,33.94,-12.63,53.91,159.78,0.3203,0.9824,105.76,112.56,339.78,,0.0,1.0,,,,,84,7,7,"2019,2020,2021,2022,2023,2024,2025",10.0,0.321,1.0,226.31,-24.84,antihelion,35.7,,
26,2,148.5,152.0,13.0,37.31,9.34,64.54,151.46,0.5298,0.9139,169.05,89.89,331.48,,0.0,1.0,,,,,53,7,7,"2019,2020,2021,2022,2023,2024,2025",7.0,0.321,1.0,245.28,-4.69,south_apex,26.4,,
30,2,216.0,219.5,13.0,117.86,21.71,69.15,217.07,0.86,0.8582,176.99,222.62,217.12,,0.0,1.0,,,,,63,7,7,"2019,2020,2021,2022,2023,2024,2025",9.0,0.302,1.0,258.87,1.38,north_apex,17.5,,
25,2,45.0,48.5,13.0,138.02,33.69,7.63,47.16,1.0073,0.5383,3.15,174.03,47.39,,0.0,1.0,,,,,198,7,7,"2020,2021,2022,2023,2024,2025,2026",20.0,0.283,1.0,85.18,16.56,helion,105.4,,
14,1,333.0,335.0,14.0,173.89,-16.37,43.19,334.01,0.1706,0.9673,45.12,133.88,154.01,,0.0,1.0,,,,,59,7,7,"2020,2021,2022,2023,2024,2025,2026",5.0,0.339,1.0,206.12,-17.06,antihelion,18.1,,
26,2,81.0,84.5,13.0,29.46,58.39,41.62,83.59,0.5993,0.939,65.85,98.56,83.6,,0.0,1.0,,,,,74,7,7,"2020,2021,2022,2023,2024,2025,2026",10.0,0.284,0.635,328.05,43.86,north_toroidal,39.3,,
17,1,268.5,270.5,13.0,172.45,62.82,45.27,269.72,0.7997,0.9543,74.45,233.51,269.72,,0.0,1.0,,,,,32,7,7,"2019,2020,2021,2022,2023,2024,2025",3.5,0.281,1.0,229.21,52.95,north_toroidal,23.6,,
74,1,235.5,237.5,12.54,119.82,13.48,64.82,236.35,0.4512,0.9271,164.2,98.05,56.34,,0.0,1.0,,,,,219,7,7,"2019,2020,2021,2022,2023,2024,2025",8.98,0.311,0.991,243.26,-6.42,south_apex,27.6,,
23,1,249.0,251.0,12.07,106.27,62.42,40.59,250.05,0.5395,0.9471,60.86,266.69,250.05,,0.0,1.0,,,,,37,7,7,"2019,2020,2021,2022,2023,2024,2025",5.0,0.27,1.0,210.57,40.45,antihelion,41.7,,
15,1,330.0,332.0,12.0,171.11,-15.89,43.57,331.36,0.1764,0.9718,51.69,131.89,151.36,,0.0,1.0,,,,,64,7,7,"2020,2021,2022,2023,2024,2025,2026",7.0,0.281,1.0,207.69,-18.38,antihelion,19.9,,
10,1,133.5,135.5,8.0,294.52,-14.12,14.79,134.84,0.8291,0.6648,3.1,236.44,134.9,,0.0,1.0,,,,,477,7,7,"2019,2020,2021,2022,2023,2024,2025",42.0,0.411,1.0,159.77,6.26,antihelion,40.7,,
10,1,205.5,207.5,8.0,246.9,66.33,27.62,206.81,0.9882,0.6888,45.15,168.84,206.81,,0.0,1.0,,,,,114,7,7,"2019,2020,2021,2022,2023,2024,2025",15.0,0.254,1.0,323.64,80.18,north_toroidal,27.2,,
10,1,211.5,213.5,8.0,112.05,19.34,69.78,212.52,0.8584,0.9164,175.28,44.63,32.54,,0.0,1.0,,,,,133,7,7,"2019,2020,2021,2022,2023,2024,2025",16.0,0.353,1.0,258.12,-2.59,south_apex,17.1,,
10,1,40.5,42.5,8.0,289.65,-9.82,66.38,41.4,0.6705,0.9553,155.24,252.56,41.39,,0.0,1.0,,,,,46,7,7,"2020,2021,2022,2023,2024,2025,2026",4.0,0.283,1.0,248.05,12.1,north_apex,21.5,,
48,2,175.5,179.0,13.39,13.9,33.68,42.69,178.34,0.266,0.97,57.75,300.16,178.34,,0.0,1.0,,,,,77,7,7,"2019,2020,2021,2022,2023,2024,2025",8.0,0.416,0.623,208.54,25.37,antihelion,26.7,,
10,1,64.5,66.5,8.0,270.04,12.56,39.77,65.76,0.4844,0.9676,55.95,273.99,65.76,,0.0,1.0,,,,,33,7,7,"2020,2021,2022,2023,2024,2025,2026",4.5,0.242,1.0,204.81,36.01,antihelion,36.3,,
36,1,43.5,45.5,21.76,245.77,61.15,21.1,44.35,1.0,0.6392,33.08,192.22,44.36,,0.0,1.0,,,,,163,7,7,"2020,2021,2022,2023,2024,2025,2026",18.0,0.282,1.0,146.63,78.15,north_toroidal,47.7,,
31,1,283.5,285.5,25.0,153.05,-6.71,58.01,284.82,0.2622,0.9487,128.7,120.48,104.82,,0.0,1.0,,,,,67,7,7,"2020,2021,2022,2023,2024,2025,2026",4.0,0.373,1.0,231.52,-17.02,antihelion,35.5,,
10,1,45.0,47.0,9.0,161.42,15.09,8.5,45.79,1.0028,0.6083,1.29,187.85,46.32,,0.0,1.0,,,,,193,7,7,"2020,2021,2022,2023,2024,2025,2026",9.14,0.28,1.0,110.0,6.16,antihelion,90.1,,
11,1,129.0,131.0,9.0,298.26,0.19,18.95,129.89,0.7443,0.7276,11.63,249.16,129.91,,0.0,1.0,,,,,357,7,7,"2019,2020,2021,2022,2023,2024,2025",31.0,0.367,1.0,169.33,18.51,antihelion,35.5,,
30,1,33.0,35.0,24.0,277.06,-5.24,63.23,34.08,0.569,0.9593,139.67,264.78,34.07,,0.0,1.0,,,,,47,7,7,"2020,2021,2022,2023,2024,2025,2026",3.5,0.34,1.0,242.2,18.18,north_apex,26.8,,
29,2,67.5,71.0,8.35,273.09,15.2,39.27,68.4,0.5173,0.9138,58.43,271.83,68.4,,0.0,1.0,,,,,30,7,7,"2020,2021,2022,2023,2024,2025,2026",3.0,0.233,1.0,206.0,37.92,antihelion,38.3,,
10,1,42.0,44.0,9.0,260.03,19.73,42.49,42.91,0.5901,0.9316,67.63,261.08,42.91,,0.0,1.0,,,,,47,7,7,"2020,2021,2022,2023,2024,2025,2026",5.5,0.34,1.0,213.86,43.09,north_toroidal,38.8,,
12,1,309.0,311.0,9.0,191.27,2.75,63.9,310.24,0.3638,0.9485,161.63,287.46,310.24,,0.0,1.0,,,,,54,7,7,"2020,2021,2022,2023,2024,2025,2026",8.0,0.259,1.0,239.47,7.77,north_apex,30.8,,
10,1,42.0,44.0,8.0,70.76,69.51,14.54,42.71,0.9504,0.627,16.42,148.02,42.72,,0.0,1.0,,,,,88,7,7,"2020,2021,2022,2023,2024,2025,2026",3.2,0.341,1.0,40.58,46.16,helion,72.4,,
10,1,42.0,44.0,8.0,260.12,50.9,29.38,43.4,0.9667,0.7616,46.79,205.07,43.41,,0.0,1.0,,,,,45,7,7,"2020,2021,2022,2023,2024,2025,2026",5.5,0.311,0.978,201.73,73.2,north_toroidal,30.2,,
12,1,241.5,243.5,5.37,75.17,49.83,36.13,242.27,0.4072,0.9548,39.17,281.89,242.27,,0.0,1.0,,,,,47,7,7,"2019,2020,2021,2022,2023,2024,2025",6.0,0.298,1.0,196.94,27.53,antihelion,27.7,,
10,1,51.0,53.0,8.0,293.38,-5.46,62.7,51.81,0.53,0.9507,144.19,268.45,51.8,,0.0,1.0,,,,,66,7,7,"2020,2021,2022,2023,2024,2025,2026",6.5,0.273,1.0,242.27,15.27,north_apex,26.8,,
27,1,28.5,30.5,22.0,262.78,6.81,55.75,29.74,0.4622,0.9551,107.51,276.54,29.74,,0.0,1.0,,,,,60,7,7,"2020,2021,2022,2023,2024,2025,2026",5.5,0.25,1.0,231.39,28.62,north_apex,38.3,,
28,2,52.5,56.0,9.84,296.41,-6.28,63.07,55.11,0.4928,0.9607,147.14,272.58,55.1,,0.0,1.0,,,,,69,7,7,"2020,2021,2022,2023,2024,2025,2026",7.5,0.29,1.0,241.07,14.61,north_apex,28.0,,
16,1,229.5,231.5,9.09,126.98,16.84,68.06,230.83,0.7426,0.8604,175.44,62.3,50.9,,0.0,1.0,,,,,78,7,7,"2019,2020,2021,2022,2023,2024,2025",8.0,0.308,0.923,253.75,-2.07,south_apex,20.6,,
43,1,142.5,144.5,29.22,273.4,12.88,10.78,143.36,0.9725,0.645,9.06,202.41,143.41,,0.0,1.0,,,,,220,7,7,"2019,2020,2021,2022,2023,2024,2025",4.47,0.359,1.0,128.39,33.79,antihelion,76.4,,
11,1,223.5,225.5,9.0,240.66,68.32,30.47,224.49,0.9882,0.697,50.44,173.11,224.49,,0.0,1.0,,,,,89,7,7,"2019,2020,2021,2022,2023,2024,2025",12.0,0.27,1.0,293.65,78.95,north_toroidal,20.7,,
13,1,85.5,87.5,10.0,273.02,9.18,29.99,86.73,0.5735,0.8818,31.74,263.41,86.74,,0.0,1.0,,,,,23,7,7,"2020,2021,2022,2023,2024,2025,2026",2.5,0.217,1.0,187.11,32.72,antihelion,35.0,,
35,1,208.5,210.5,36.67,342.16,-5.71,10.33,209.81,0.937,0.6246,2.44,202.46,209.02,,0.0,1.0,,,,,418,7,7,"2019,2020,2021,2022,2023,2024,2025",54.0,0.297,1.0,124.55,11.73,antihelion,76.0,,
31,1,175.5,177.5,20.27,11.7,41.13,42.32,176.12,0.3806,0.9455,66.46,287.95,176.12,,0.0,1.0,,,,,66,7,7,"2019,2020,2021,2022,2023,2024,2025",8.0,0.318,0.939,211.53,31.9,antihelion,33.8,,
12,1,43.5,45.5,10.0,84.32,46.21,11.25,44.43,0.9485,0.6145,6.44,147.51,44.51,,0.0,1.0,,,,,117,7,7,"2020,2021,2022,2023,2024,2025,2026",5.21,0.35,1.0,42.4,24.29,helion,65.7,,
56,2,298.5,302.0,31.0,136.35,-12.18,41.03,299.25,0.3316,0.9677,50.18,110.35,119.25,,0.0,1.0,,,,,164,7,7,"2020,2021,2022,2023,2024,2025,2026",13.0,0.323,1.0,203.69,-26.86,antihelion,27.1,,
24,1,210.0,212.0,20.0,289.92,46.04,15.21,211.2,0.9933,0.6608,21.28,184.6,211.2,,0.0,1.0,,,,,267,7,7,"2019,2020,2021,2022,2023,2024,2025",30.0,0.318,0.944,95.87,64.93,north_toroidal,80.7,,
13,1,45.0,47.0,10.0,206.58,44.24,14.31,46.18,0.9785,0.6512,16.2,202.42,46.2,,0.0,1.0,,,,,286,8,7,"2020,2021,2022,2023,2024,2025,2026",17.4,0.269,1.0,134.82,49.17,antihelion,77.0,,
15,1,69.0,71.0,12.0,298.53,10.15,54.09,69.96,0.517,0.9409,105.73,270.76,69.96,,0.0,1.0,,,,,37,6,6,"2020,2021,2022,2024,2025,2026",4.5,0.324,1.0,233.9,30.65,north_apex,36.8,,
23,2,0.0,360.5,12.0,234.04,-10.15,61.14,358.88,0.2729,0.9621,153.59,298.14,358.87,,0.0,1.0,,,,,48,6,6,"2021,2022,2023,2024,2025,2026",3.0,0.333,1.0,237.78,9.49,north_apex,32.0,,
15,1,211.5,213.5,12.0,123.61,57.55,60.05,212.1,0.942,0.8957,116.5,207.21,212.1,,0.0,1.0,,,,,96,6,6,"2019,2021,2022,2023,2024,2025",10.0,0.302,1.0,259.8,36.81,north_apex,23.7,,
15,1,331.5,333.5,12.0,198.53,-17.13,59.39,332.69,0.1825,0.9823,149.27,133.49,152.69,,0.0,1.0,,,,,35,6,6,"2021,2022,2023,2024,2025,2026",2.0,0.343,1.0,231.26,-8.71,antihelion,32.4,,
10,1,219.0,221.0,9.0,130.67,-0.18,69.19,220.18,0.984,0.9423,149.61,349.22,40.18,,0.0,1.0,,,,,64,6,6,"2019,2021,2022,2023,2024,2025",7.0,0.281,1.0,273.32,-18.38,south_apex,4.6,,
33,1,108.0,110.0,7.38,309.97,25.95,41.75,108.57,0.5792,0.9347,65.7,262.94,108.58,,0.0,1.0,,,,,38,6,6,"2020,2021,2022,2023,2024,2025",4.0,0.368,1.0,213.06,42.5,north_toroidal,39.7,,
33,2,114.0,117.5,13.0,47.71,36.58,61.52,114.97,0.4784,0.9549,137.99,84.98,114.97,,0.0,1.0,,,,,37,6,6,"2020,2021,2022,2023,2024,2025",5.0,0.27,1.0,300.25,16.95,north_apex,29.1,,
11,1,16.5,18.5,12.0,251.64,-11.31,60.96,17.65,0.272,0.9801,146.69,299.34,17.64,,0.0,1.0,,,,,40,6,6,"2021,2022,2023,2024,2025,2026",4.0,0.275,1.0,233.97,11.86,north_apex,35.2,,
24,2,187.5,191.0,13.0,27.39,27.83,42.77,190.0,0.1533,0.989,43.79,315.25,190.0,,0.0,1.0,,,,,85,6,6,"2019,2021,2022,2023,2024,2025",13.0,0.271,1.0,205.55,14.83,antihelion,15.8,,
11,1,49.5,51.5,9.0,291.75,57.95,30.35,50.22,1.0033,0.6333,52.39,169.55,50.23,,0.0,1.0,,,,,44,6,6,"2020,2021,2022,2023,2024,2025",5.5,0.295,1.0,289.54,77.55,north_toroidal,18.9,,
16,1,343.5,345.5,13.0,199.98,19.32,42.55,345.0,0.2969,0.9535,54.42,295.64,345.0,,0.0,1.0,,,,,58,6,6,"2021,2022,2023,2024,2025,2026",4.5,0.5,1.0,205.87,25.93,antihelion,26.6,,
17,1,169.5,171.5,13.0,157.52,48.82,45.04,170.79,0.4725,0.988,67.92,86.22,170.8,,0.0,1.0,,,,,62,6,6,"2020,2021,2022,2023,2024,2025",6.0,0.355,1.0,328.74,35.63,helion,37.2,,
16,1,256.5,258.5,13.0,138.9,9.04,64.18,257.36,0.4193,0.9421,163.73,101.16,77.36,,0.0,1.0,,,,,100,6,6,"2020,2021,2022,2023,2024,2025",11.5,0.31,1.0,241.71,-6.65,south_apex,29.0,,
10,1,81.0,83.0,9.0,312.87,-13.19,60.06,81.31,0.174,1.0026,163.64,311.0,81.29,,0.0,1.0,,,,,35,6,6,"2020,2021,2023,2024,2025,2026",2.5,0.314,1.0,231.91,4.99,antihelion,32.3,,
15,1,270.0,272.0,13.0,131.86,52.36,40.89,270.97,0.4018,0.9413,58.7,284.81,270.97,,0.0,1.0,,,,,32,6,6,"2020,2021,2022,2023,2024,2025",4.5,0.219,1.0,207.88,32.67,antihelion,33.5,,
21,2,76.5,80.0,9.0,289.87,4.24,47.14,78.54,0.2702,0.9727,73.67,299.39,78.54,,0.0,1.0,,,,,53,6,6,"2021,2022,2023,2024,2025,2026",5.0,0.358,1.0,213.38,26.1,antihelion,29.2,,
11,1,204.0,206.0,9.0,120.29,60.69,59.35,205.42,0.9733,0.9154,112.95,197.84,205.42,,0.0,1.0,,,,,76,6,6,"2019,2021,2022,2023,2024,2025",11.0,0.276,0.961,262.95,39.49,north_toroidal,21.0,,
14,1,247.5,249.5,7.6,104.41,-30.17,43.25,249.04,0.769,0.9591,69.34,57.52,69.04,,0.0,1.0,,,,,32,6,6,"2020,2021,2022,2023,2024,2025",4.0,0.344,1.0,221.89,-52.94,south_apex,55.1,,
28,2,102.0,105.5,13.0,339.64,-1.83,61.36,104.09,0.2995,0.9691,161.72,295.31,104.08,,0.0,1.0,,,,,72,6,6,"2020,2021,2022,2023,2024,2025",8.0,0.375,1.0,236.25,6.54,north_apex,34.2,,
10,1,160.5,162.5,9.0,35.51,3.66,59.69,161.85,0.2418,0.9829,149.67,123.33,341.85,,0.0,1.0,,,,,51,6,6,"2020,2021,2022,2023,2024,2025",6.0,0.314,1.0,233.42,-10.54,antihelion,34.9,,
11,1,81.0,83.0,9.0,318.47,15.27,58.96,82.29,0.7073,0.9272,118.88,248.06,82.29,,0.0,1.0,,,,,41,6,6,"2021,2022,2023,2024,2025,2026",4.0,0.39,1.0,244.65,30.31,north_apex,28.0,,
13,1,199.5,201.5,11.0,39.43,31.38,42.35,200.9,0.1468,0.9858,43.83,316.17,200.91,,0.0,1.0,,,,,54,6,6,"2020,2021,2022,2023,2024,2025",7.0,0.333,1.0,206.36,15.3,antihelion,16.5,,
27,2,82.5,86.0,12.0,299.06,18.65,46.3,84.92,0.519,0.9417,77.35,271.12,84.93,,0.0,1.0,,,,,32,6,6,"2021,2022,2023,2024,2025,2026",4.5,0.312,1.0,219.35,38.46,north_toroidal,39.5,,
36,3,60.0,65.0,11.0,339.98,-19.57,68.8,62.37,1.0094,0.8842,162.13,349.99,242.38,,0.0,1.0,,,,,31,6,6,"2021,2022,2023,2024,2025,2026",2.5,0.452,1.0,271.99,-9.87,south_apex,5.5,,
13,1,67.5,69.5,10.0,303.28,11.33,57.84,68.94,0.6486,0.9409,114.7,255.82,68.94,,0.0,1.0,,,,,29,6,6,"2020,2022,2023,2024,2025,2026",3.5,0.241,1.0,240.76,31.08,north_apex,31.3,,
12,1,286.5,288.5,10.0,164.49,19.85,57.04,287.33,0.1828,0.9619,137.91,311.75,287.33,,0.0,1.0,,,,,39,6,6,"2021,2022,2023,2024,2025,2026",5.0,0.256,1.0,230.91,11.79,antihelion,32.9,,
13,1,72.0,74.0,10.0,273.4,5.66,38.35,73.3,0.4055,0.9601,46.69,285.1,73.31,,0.0,1.0,,,,,34,6,6,"2021,2022,2023,2024,2025,2026",3.0,0.294,1.0,201.54,30.23,antihelion,30.3,,
11,1,73.5,75.5,10.0,287.48,5.96,47.05,74.93,0.3052,0.9768,76.27,294.02,74.93,,0.0,1.0,,,,,46,6,6,"2021,2022,2023,2024,2025,2026",5.0,0.283,1.0,214.69,27.47,antihelion,31.0,,
45,2,76.5,80.0,10.22,293.12,15.74,45.45,79.22,0.5067,0.9304,75.88,272.05,79.23,,0.0,1.0,,,,,33,6,6,"2020,2022,2023,2024,2025,2026",3.5,0.303,1.0,218.81,37.73,north_toroidal,40.4,,
15,1,160.5,162.5,10.58,21.44,36.93,55.75,161.98,0.41,0.9442,113.71,281.52,161.97,,0.0,1.0,,,,,40,6,6,"2019,2021,2022,2023,2024,2025",7.0,0.275,1.0,232.77,25.78,north_apex,36.5,,
11,1,55.5,57.5,11.0,288.62,11.13,55.24,56.37,0.5891,0.9661,104.86,261.38,56.37,,0.0,1.0,,,,,30,6,6,"2021,2022,2023,2024,2025,2026",2.5,0.467,1.0,234.53,32.95,north_toroidal,36.4,,
13,1,67.5,69.5,11.0,326.97,53.98,45.33,68.35,0.9611,0.9249,76.02,153.25,68.35,,0.0,1.0,,,,,28,6,6,"2021,2022,2023,2024,2025,2026",3.0,0.321,1.0,298.61,60.41,north_toroidal,14.2,,
14,1,33.0,35.0,11.0,266.59,6.12,55.87,34.05,0.491,0.9713,107.4,272.13,34.05,,0.0,1.0,,,,,65,6,6,"2021,2022,2023,2024,2025,2026",8.5,0.323,1.0,232.33,30.23,north_apex,38.0,,
24,2,21.0,24.5,11.0,257.76,-12.72,61.47,23.66,0.2681,0.9818,149.82,297.3,23.65,,0.0,1.0,,,,,31,6,6,"2021,2022,2023,2024,2025,2026",3.0,0.387,1.0,233.34,10.47,antihelion,34.8,,
10,1,232.5,234.5,8.0,106.89,7.57,59.0,233.12,0.2739,0.9491,136.95,118.89,53.12,,0.0,1.0,,,,,71,6,6,"2020,2021,2022,2023,2024,2025",7.0,0.366,0.972,234.24,-14.49,south_apex,34.6,,
13,1,328.5,330.5,11.0,166.57,-14.07,41.58,329.64,0.2132,0.9847,41.74,127.09,149.64,,0.0,1.0,,,,,40,6,6,"2020,2022,2023,2024,2025,2026",2.0,0.4,1.0,203.71,-18.97,antihelion,19.3,,
14,1,225.0,227.0,11.0,346.89,63.8,19.95,226.24,0.9031,0.6861,27.9,219.45,226.24,,0.0,1.0,,,,,92,6,6,"2020,2021,2022,2023,2024,2025",12.0,0.391,1.0,161.64,59.07,north_toroidal,54.9,,
15,1,283.5,285.5,12.0,156.77,-39.54,55.26,284.51,0.9041,0.8876,99.62,33.97,104.52,,0.0,1.0,,,,,32,6,6,"2020,2022,2023,2024,2025,2026",2.0,0.375,1.0,253.15,-45.14,south_apex,33.5,,
11,1,283.5,285.5,9.0,139.79,47.13,39.22,284.33,0.3949,0.9735,49.2,284.05,284.33,,0.0,1.0,,,,,28,6,6,"2020,2022,2023,2024,2025,2026",2.0,0.286,1.0,202.61,30.43,antihelion,30.5,,
15,1,231.0,233.0,8.35,246.57,68.47,29.86,231.74,0.9881,0.7185,48.83,176.37,231.75,,0.0,1.0,,,,,75,6,6,"2020,2021,2022,2023,2024,2025",9.0,0.32,1.0,287.7,79.62,north_toroidal,20.6,,
10,1,234.0,236.0,8.0,163.93,51.1,59.02,235.52,0.9826,0.8634,111.48,189.24,235.52,,0.0,1.0,,,,,48,6,6,"2020,2021,2022,2023,2024,2025",6.0,0.333,1.0,266.33,40.24,north_toroidal,19.9,,
11,1,289.5,291.5,9.0,205.16,-12.61,71.28,290.85,0.9333,0.8857,174.23,333.6,110.81,,0.0,1.0,,,,,19,6,6,"2021,2022,2023,2024,2025,2026",3.0,0.211,1.0,277.48,-3.47,south_apex,13.7,,
10,1,168.0,170.0,8.0,45.34,5.53,60.38,168.96,0.2875,0.9661,148.59,118.25,348.96,,0.0,1.0,,,,,37,6,6,"2020,2021,2022,2023,2024,2025",3.0,0.351,1.0,234.99,-10.7,south_apex,34.4,,
13,1,225.0,227.0,11.0,107.65,-3.59,61.77,226.3,0.6276,0.9595,126.66,75.97,46.3,,0.0,1.0,,,,,76,6,6,"2020,2021,2022,2023,2024,2025",8.0,0.289,1.0,243.96,-25.44,south_apex,26.6,,
10,1,319.5,321.5,8.0,192.58,1.42,60.0,320.21,0.1603,0.9772,157.92,313.14,320.21,,0.0,1.0,,,,,27,6,6,"2021,2022,2023,2024,2025,2026",3.0,0.259,1.0,231.54,6.35,antihelion,32.1,,
34,1,6.0,8.0,11.02,296.99,-2.63,65.03,6.97,0.6839,0.9444,143.8,109.83,6.97,,0.0,1.0,,,,,27,6,6,"2021,2022,2023,2024,2025,2026",3.0,0.259,1.0,291.86,17.73,north_apex,21.1,,
10,1,217.5,219.5,8.0,102.44,-0.56,61.77,218.39,0.6235,0.9017,130.73,77.15,38.39,,0.0,1.0,,,,,53,6,6,"2019,2021,2022,2023,2024,2025",6.0,0.283,1.0,245.42,-24.05,south_apex,24.9,,
10,1,217.5,219.5,8.0,123.59,7.54,69.61,218.62,0.9756,0.8524,158.99,15.7,38.62,,0.0,1.0,,,,,41,6,6,"2019,2021,2022,2023,2024,2025",4.0,0.366,1.0,265.86,-11.56,south_apex,5.3,,
12,1,340.5,342.5,9.0,209.41,-22.05,59.75,341.59,0.2309,0.9706,150.67,124.43,161.59,,0.0,1.0,,,,,55,6,6,"2021,2022,2023,2024,2025,2026",5.0,0.364,1.0,234.1,-9.48,antihelion,35.3,,
10,1,166.5,168.5,8.0,39.16,-2.01,56.13,167.84,0.2097,0.9827,123.26,127.95,347.84,,0.0,1.0,,,,,40,6,6,"2020,2021,2022,2023,2024,2025",5.0,0.325,1.0,228.86,-16.37,antihelion,32.9,,
42,1,123.0,125.0,41.0,242.04,37.7,13.51,124.16,1.0141,0.6378,17.24,184.57,124.18,,0.0,1.0,,,,,246,6,6,"2020,2021,2022,2023,2024,2025",26.0,0.386,1.0,96.76,56.82,north_toroidal,90.8,,
50,2,196.5,200.0,12.82,112.6,-1.13,67.21,199.14,0.9774,0.929,140.72,343.31,19.14,,0.0,1.0,,,,,79,6,6,"2020,2021,2022,2023,2024,2025",11.0,0.329,1.0,275.27,-22.6,south_apex,9.1,,
37,2,22.5,26.0,17.0,256.7,2.48,56.25,23.91,0.3979,0.9712,111.13,282.94,23.91,,0.0,1.0,,,,,65,6,6,"2021,2022,2023,2024,2025,2026",7.0,0.369,0.969,229.27,25.73,antihelion,38.4,,
20,1,244.5,246.5,6.54,188.95,39.88,58.17,245.77,0.9193,0.9268,108.7,148.97,245.77,,0.0,1.0,,,,,46,6,6,"2020,2021,2022,2023,2024,2025",4.0,0.304,1.0,284.44,40.33,north_toroidal,21.7,,
29,2,297.0,300.5,18.0,167.63,-4.38,58.17,298.24,0.1652,0.9581,149.44,133.87,118.24,,0.0,1.0,,,,,42,6,6,"2021,2022,2023,2024,2025,2026",5.0,0.238,1.0,231.11,-8.61,antihelion,32.2,,
21,2,40.5,44.0,6.11,263.16,25.12,43.73,42.52,0.7156,0.969,69.89,246.77,42.52,,0.0,1.0,,,,,47,6,6,"2021,2022,2023,2024,2025,2026",5.0,0.34,1.0,218.69,48.71,north_toroidal,32.0,,
12,1,193.5,195.5,5.37,139.88,43.31,60.18,194.01,0.6671,0.8478,125.85,106.58,194.02,,0.0,1.0,,,,,33,6,6,"2020,2021,2022,2023,2024,2025",4.0,0.273,1.0,294.61,26.56,north_apex,25.7,,
59,3,231.0,236.0,18.0,110.39,6.13,61.51,233.52,0.382,0.956,140.39,104.69,53.52,,0.0,1.0,,,,,140,6,6,"2020,2021,2022,2023,2024,2025",15.0,0.321,0.993,238.17,-15.5,south_apex,30.7,,
12,1,193.5,195.5,6.11,52.66,-11.78,43.22,194.79,0.3211,0.9459,65.12,113.96,14.79,,0.0,1.0,,,,,43,6,6,"2020,2021,2022,2023,2024,2025",4.0,0.372,1.0,212.04,-28.54,antihelion,30.8,,
34,1,169.5,171.5,19.53,6.19,38.78,42.66,170.42,0.3948,0.9477,63.57,284.49,170.42,,0.0,1.0,,,,,76,6,6,"2020,2021,2022,2023,2024,2025",12.0,0.237,1.0,209.77,32.69,antihelion,34.0,,
11,1,84.0,86.0,6.11,299.06,12.68,45.91,85.42,0.4011,0.9389,79.25,285.58,85.43,,0.0,1.0,,,,,33,6,6,"2020,2021,2023,2024,2025,2026",3.0,0.364,1.0,218.83,32.83,antihelion,37.5,,
59,3,225.0,230.0,24.0,270.23,64.95,24.43,228.99,0.9888,0.682,38.79,179.54,228.99,,0.0,1.0,,,,,111,6,6,"2020,2021,2022,2023,2024,2025",13.0,0.315,1.0,357.78,85.53,north_toroidal,36.4,,
14,1,73.5,75.5,14.0,284.54,-10.84,41.59,74.94,0.0964,0.9638,39.86,327.93,74.94,,0.0,1.0,,,,,118,6,6,"2020,2021,2023,2024,2025,2026",8.5,0.331,0.983,209.17,11.6,antihelion,14.8,,
23,1,145.5,147.5,15.06,335.71,46.03,40.77,146.71,0.7117,0.9154,63.97,246.58,146.71,,0.0,1.0,,,,,36,6,6,"2020,2021,2022,2023,2024,2025",3.0,0.472,1.0,34.86,50.77,helion,71.0,,
12,1,87.0,89.0,5.37,16.66,29.32,61.38,87.99,0.5301,0.9479,134.65,90.51,87.98,,0.0,1.0,,,,,31,6,6,"2021,2022,2023,2024,2025,2026",3.5,0.258,1.0,298.97,20.85,north_apex,28.2,,
17,1,202.5,204.5,14.0,39.2,30.07,40.98,203.5,0.1719,0.985,35.14,312.88,203.5,,0.0,1.0,,,,,73,6,6,"2020,2021,2022,2023,2024,2025",9.0,0.301,1.0,203.18,14.11,antihelion,14.5,,
27,1,4.5,6.5,15.06,246.42,10.76,56.19,5.76,0.572,0.9539,109.79,263.38,5.76,,0.0,1.0,,,,,32,6,6,"2021,2022,2023,2024,2025,2026",3.0,0.312,1.0,237.24,30.85,north_apex,34.1,,
13,1,73.5,75.5,6.11,291.21,14.2,47.39,74.56,0.4783,0.9376,81.24,275.86,74.56,,0.0,1.0,,,,,28,6,6,"2021,2022,2023,2024,2025,2026",3.5,0.25,1.0,220.64,35.09,antihelion,40.2,,
15,1,73.5,75.5,14.0,350.91,0.03,70.19,74.15,0.9601,0.9632,173.88,154.54,74.88,,0.0,1.0,,,,,40,6,6,"2020,2021,2023,2024,2025,2026",2.5,0.425,1.0,276.71,4.15,north_apex,12.7,,
69,2,51.0,54.5,22.51,299.04,4.12,62.87,53.44,0.7445,0.9558,132.55,243.8,53.43,,0.0,1.0,,,,,49,6,6,"2020,2021,2023,2024,2025,2026",4.0,0.327,1.0,248.07,24.85,north_apex,22.8,,
13,1,285.0,287.0,6.54,202.79,-8.89,71.09,286.06,0.9234,0.9105,177.02,156.32,285.53,,0.0,1.0,,,,,23,6,6,"2021,2022,2023,2024,2025,2026",2.5,0.304,1.0,276.76,2.18,north_apex,14.5,,
41,2,192.0,195.5,15.06,78.52,-10.44,57.44,192.89,0.699,0.9221,112.67,69.19,12.89,,0.0,1.0,,,,,61,6,6,"2019,2021,2022,2023,2024,2025",9.0,0.295,1.0,242.86,-33.38,south_apex,30.8,,
25,1,327.0,329.0,26.0,182.63,19.55,42.37,328.08,0.194,0.968,46.36,309.25,328.08,,0.0,1.0,,,,,45,6,6,"2020,2021,2023,2024,2025,2026",3.5,0.311,1.0,204.83,18.16,antihelion,18.8,,
25,1,40.5,42.5,7.14,279.79,6.87,57.96,41.32,0.6147,0.9392,114.56,258.76,41.32,,0.0,1.0,,,,,46,6,6,"2020,2021,2023,2024,2025,2026",4.0,0.348,1.0,239.49,29.86,north_apex,31.9,,
26,1,114.0,116.0,14.31,318.59,37.01,43.06,115.14,0.7458,0.9413,71.84,244.17,115.14,,0.0,1.0,,,,,44,6,6,"2020,2021,2022,2023,2024,2025",4.0,0.341,1.0,220.86,50.69,north_toroidal,29.5,,
33,2,201.0,204.5,19.0,96.41,-14.82,58.04,201.91,0.9215,0.8679,112.02,33.95,21.91,,0.0,1.0,,,,,48,6,6,"2019,2021,2022,2023,2024,2025",4.0,0.333,1.0,256.13,-38.5,south_apex,26.6,,
28,1,19.5,21.5,7.14,297.75,11.19,62.01,20.43,0.9096,0.8586,124.16,143.42,20.43,,0.0,1.0,,,,,33,6,6,"2021,2022,2023,2024,2025,2026",4.0,0.242,1.0,282.84,30.98,north_apex,19.9,,
22,1,28.5,30.5,7.06,283.5,-9.31,68.4,29.32,0.8237,0.9721,155.05,231.31,29.32,,0.0,1.0,,,,,73,6,6,"2021,2022,2023,2024,2025,2026",6.0,0.329,1.0,253.79,13.31,north_apex,15.8,,
18,1,51.0,53.0,14.0,293.42,7.61,60.03,51.82,0.7064,0.9372,122.52,247.98,51.81,,0.0,1.0,,,,,47,6,6,"2021,2022,2023,2024,2025,2026",5.0,0.34,1.0,244.97,29.03,north_apex,27.1,,
17,1,283.5,285.5,14.0,173.49,51.55,46.48,284.43,0.6284,0.9193,77.02,255.33,284.42,,0.0,1.0,,,,,62,6,6,"2020,2022,2023,2024,2025,2026",3.0,0.355,1.0,223.26,43.89,north_toroidal,33.0,,
62,3,219.0,224.0,21.0,102.26,6.47,62.25,222.86,0.4334,0.9654,139.78,98.25,42.86,,0.0,1.0,,,,,150,6,6,"2020,2021,2022,2023,2024,2025",19.0,0.287,0.9,239.23,-16.09,south_apex,29.7,,
20,1,124.5,126.5,18.0,279.64,-14.72,13.67,125.4,0.8742,0.6508,3.14,227.02,125.71,,0.0,1.0,,,,,403,6,6,"2020,2021,2022,2023,2024,2025",16.07,0.469,1.0,153.85,7.81,antihelion,46.7,,
59,2,1.5,5.0,16.55,242.01,-29.12,63.75,2.42,0.4773,0.8867,161.37,97.83,182.42,,0.0,1.0,,,,,54,6,6,"2020,2021,2023,2024,2025,2026",3.0,0.389,1.0,239.7,-8.38,south_apex,30.4,,
32,1,357.0,359.0,6.15,266.22,20.35,56.13,358.09,0.9927,0.8614,105.53,185.63,358.09,,0.0,1.0,,,,,35,6,6,"2020,2021,2022,2024,2025,2026",3.0,0.4,1.0,266.29,43.17,north_toroidal,17.0,,
45,1,336.0,338.0,26.98,207.26,-23.6,61.95,337.02,0.3137,0.951,148.73,113.08,157.02,,0.0,1.0,,,,,83,6,6,"2021,2022,2023,2024,2025,2026",5.0,0.446,1.0,236.21,-10.98,south_apex,33.2,,
20,1,283.5,285.5,16.0,152.44,58.77,37.92,284.62,0.59,0.9519,53.63,260.25,284.62,,0.0,1.0,,,,,41,6,6,"2020,2021,2022,2024,2025,2026",3.0,0.317,1.0,205.01,43.27,antihelion,43.5,,
72,3,37.5,42.5,21.0,275.11,-13.9,61.96,38.57,0.3163,0.975,155.42,293.13,38.56,,0.0,1.0,,,,,85,6,6,"2021,2022,2023,2024,2025,2026",9.5,0.259,1.0,236.3,7.94,north_apex,33.8,,
14,1,40.5,42.5,6.86,277.86,-15.44,62.07,41.89,0.2992,0.9758,158.33,295.13,41.88,,0.0,1.0,,,,,73,6,6,"2021,2022,2023,2024,2025,2026",7.5,0.247,1.0,236.07,7.73,north_apex,34.1,,
25,1,226.5,228.5,15.06,126.29,16.8,68.33,227.39,0.8229,0.8336,175.01,53.15,47.71,,0.0,1.0,,,,,59,6,6,"2020,2021,2022,2023,2024,2025",7.0,0.254,0.983,255.94,-2.87,south_apex,18.4,,
13,1,75.0,77.0,6.11,344.67,65.96,36.65,75.96,0.8892,0.8136,60.6,136.11,75.97,,0.0,1.0,,,,,20,5,5,"2021,2023,2024,2025,2026",2.5,0.25,1.0,318.8,62.62,north_toroidal,23.6,,
10,1,79.5,81.5,8.0,351.53,66.59,38.98,80.77,0.8434,0.9165,62.27,130.27,80.77,,0.0,1.0,,,,,22,5,5,"2021,2022,2023,2025,2026",2.0,0.318,1.0,321.75,58.58,north_toroidal,26.5,,
13,1,148.5,150.5,10.0,36.73,-15.86,57.7,149.49,0.5927,0.9809,117.36,82.52,329.49,,0.0,1.0,,,,,29,5,5,"2021,2022,2023,2024,2025",3.0,0.414,1.0,239.4,-27.87,south_apex,31.3,,
50,1,163.5,165.5,10.33,36.8,27.89,61.57,164.53,0.4088,0.9588,146.82,283.01,164.53,,0.0,1.0,,,,,97,7,5,"2020,2022,2023,2024,2025",3.26,0.299,0.938,239.05,13.16,north_apex,30.1,,
10,1,40.5,42.5,8.0,331.0,-8.63,67.41,42.01,0.7305,0.9229,174.34,116.05,42.09,,0.0,1.0,,,,,34,5,5,"2021,2022,2024,2025,2026",5.0,0.294,1.0,287.88,2.89,north_apex,21.4,,
13,1,33.0,35.0,10.0,281.36,-14.11,66.54,33.86,0.6278,0.9607,162.02,255.85,33.85,,0.0,1.0,,,,,39,5,5,"2020,2022,2023,2025,2026",3.5,0.436,1.0,247.87,7.83,north_apex,22.8,,
13,1,223.5,225.5,6.11,154.39,38.85,64.72,224.16,0.9562,0.8192,133.42,157.22,224.16,,0.0,1.0,,,,,63,7,5,"2019,2020,2021,2022,2023",2.56,0.238,1.0,277.73,26.06,north_apex,13.2,,
14,1,105.0,107.0,11.0,343.54,-1.42,61.71,106.01,0.3449,0.9563,165.85,291.33,105.99,,0.0,1.0,,,,,53,5,5,"2020,2022,2023,2024,2025",7.0,0.377,1.0,238.33,5.37,north_apex,32.6,,
10,1,70.5,72.5,8.0,303.23,-12.39,59.47,71.49,0.2019,0.9899,154.67,306.99,71.48,,0.0,1.0,,,,,38,5,5,"2022,2023,2024,2025,2026",3.5,0.395,1.0,230.96,7.74,antihelion,31.8,,
14,1,78.0,80.0,11.0,326.34,-23.14,62.92,79.24,0.4457,0.9086,159.37,100.63,259.25,,0.0,1.0,,,,,50,5,5,"2020,2023,2024,2025,2026",3.5,0.58,0.8,241.32,-7.93,south_apex,29.0,,
10,1,216.0,218.0,11.0,119.5,9.5,69.04,217.38,0.941,0.8639,160.61,27.82,37.38,,0.0,1.0,,,,,44,5,5,"2021,2022,2023,2024,2025",6.0,0.364,1.0,263.02,-10.68,south_apex,8.1,,
19,1,279.0,281.0,17.0,139.75,48.06,42.66,279.39,0.3706,0.9604,56.39,285.75,279.39,,0.0,1.0,,,,,30,5,5,"2021,2023,2024,2025,2026",2.0,0.233,1.0,207.17,31.32,antihelion,32.1,,
22,1,250.5,252.5,17.0,131.84,28.38,61.22,251.05,0.2785,0.9697,151.08,298.24,251.05,,0.0,1.0,,,,,35,5,5,"2021,2022,2023,2024,2025",4.0,0.4,1.0,236.19,10.53,north_apex,33.3,,
14,1,223.5,225.5,11.0,102.7,7.4,61.88,224.82,0.3995,0.9589,142.07,103.25,44.82,,0.0,1.0,,,,,162,6,5,"2021,2022,2023,2024,2025",5.93,0.321,0.944,238.65,-15.57,south_apex,30.2,,
19,1,12.0,14.0,6.01,299.1,-2.72,66.16,12.82,0.7712,0.9515,145.67,121.41,12.82,,0.0,1.0,,,,,36,5,5,"2021,2022,2024,2025,2026",3.5,0.361,1.0,287.27,18.05,north_apex,16.8,,
10,1,336.0,338.0,8.0,265.38,0.01,64.96,337.45,0.7829,0.9551,135.87,123.69,337.45,,0.0,1.0,,,,,25,5,5,"2021,2023,2024,2025,2026",2.5,0.36,1.0,288.19,23.46,north_apex,19.2,,
21,1,117.0,119.0,5.52,345.21,47.44,51.92,118.0,0.9581,0.7794,94.97,209.83,118.0,,0.0,1.0,,,,,30,5,5,"2021,2022,2023,2024,2025",5.0,0.3,1.0,254.38,48.8,north_toroidal,14.4,,
12,1,93.0,95.0,9.0,352.62,-21.32,65.19,94.61,0.7558,0.9339,148.4,64.02,274.61,,0.0,1.0,,,,,40,5,5,"2022,2023,2024,2025,2026",3.0,0.45,1.0,250.6,-16.65,south_apex,18.7,,
11,1,349.5,351.5,9.0,284.8,-45.74,63.5,349.99,0.7004,0.9469,133.56,292.58,169.99,,0.0,1.0,,,,,20,5,5,"2022,2023,2024,2025,2026",2.0,0.3,1.0,291.39,-22.47,south_apex,21.6,,
12,1,333.0,335.0,9.0,266.77,-8.06,65.63,334.07,0.6266,0.9373,148.26,103.46,334.07,,0.0,1.0,,,,,24,5,5,"2022,2023,2024,2025,2026",2.5,0.292,1.0,292.74,15.87,north_apex,21.9,,
12,1,117.0,119.0,9.0,5.93,-6.43,64.51,118.26,0.5309,0.9388,161.71,90.62,298.27,,0.0,1.0,,,,,28,5,5,"2021,2022,2023,2024,2025",3.0,0.321,1.0,244.95,-8.49,south_apex,25.4,,
11,1,82.5,84.5,5.37,6.9,-16.33,67.21,83.31,0.9701,0.8908,149.01,335.14,263.32,,0.0,1.0,,,,,28,5,5,"2022,2023,2024,2025,2026",3.0,0.429,1.0,280.72,-17.85,south_apex,10.7,,
11,1,255.0,257.0,9.0,267.86,46.66,22.89,255.67,0.9362,0.6961,33.96,151.81,255.66,,0.0,1.0,,,,,31,5,5,"2020,2021,2023,2024,2025",4.0,0.323,1.0,10.8,70.0,north_toroidal,43.8,,
52,3,339.0,344.0,26.0,179.32,-19.66,43.59,341.44,0.2126,0.9792,48.13,127.46,161.44,,0.0,1.0,,,,,82,5,5,"2022,2023,2024,2025,2026",5.5,0.427,1.0,205.92,-19.22,antihelion,20.1,,
11,1,51.0,53.0,9.0,253.5,36.96,26.61,51.98,0.8588,0.6019,41.82,232.79,51.99,,0.0,1.0,,,,,26,5,5,"2022,2023,2024,2025,2026",2.5,0.423,1.0,195.11,60.45,north_toroidal,37.2,,
49,4,4.5,9.5,10.0,306.29,-3.41,62.32,7.06,0.4263,0.9868,143.57,80.22,7.05,,0.0,1.0,,,,,41,5,5,"2022,2023,2024,2025,2026",4.5,0.341,1.0,300.97,15.36,north_apex,29.9,,
34,1,252.0,254.0,27.0,113.92,-31.26,46.68,253.34,0.7974,0.9503,77.73,52.47,73.34,,0.0,1.0,,,,,42,5,5,"2021,2022,2023,2024,2025",3.0,0.381,1.0,230.19,-53.09,south_apex,50.4,,
11,1,219.0,221.0,9.0,118.47,8.04,69.25,220.25,0.8848,0.9309,157.22,39.41,40.24,,0.0,1.0,,,,,61,5,5,"2021,2022,2023,2024,2025",12.0,0.262,1.0,258.67,-12.6,south_apex,11.3,,
12,1,247.5,249.5,5.37,84.95,72.12,35.32,248.45,0.692,0.9594,50.13,247.07,248.45,,0.0,1.0,,,,,25,5,5,"2021,2022,2023,2024,2025",3.0,0.4,1.0,200.13,49.23,north_toroidal,41.9,,
10,1,169.5,171.5,9.0,108.93,8.64,62.85,170.96,0.4749,0.9264,148.62,264.68,350.96,,0.0,1.0,,,,,26,5,5,"2020,2021,2023,2024,2025",4.0,0.346,1.0,299.3,-12.48,south_apex,28.6,,
278,12,0.0,360.5,37.0,196.35,-46.18,44.96,2.61,0.4656,0.9744,67.51,95.19,182.61,,0.0,1.0,,,,,143,5,5,"2022,2023,2024,2025,2026",6.5,0.385,1.0,209.55,-35.59,antihelion,36.7,,
33,2,55.5,59.0,9.0,2.22,-34.33,60.27,58.04,0.8291,0.9204,122.16,308.83,238.04,,0.0,1.0,,,,,42,5,5,"2022,2023,2024,2025,2026",2.0,0.381,1.0,288.62,-31.17,south_apex,23.6,,
10,1,337.5,339.5,9.0,205.03,-16.06,60.6,338.77,0.1709,0.9925,161.91,130.51,158.77,,0.0,1.0,,,,,36,5,5,"2022,2023,2024,2025,2026",3.5,0.417,1.0,230.33,-4.52,antihelion,30.6,,
11,1,252.0,254.0,9.0,85.81,-35.35,30.8,253.05,0.8261,0.9274,43.74,48.12,73.05,,0.0,1.0,,,,,28,5,5,"2021,2022,2023,2024,2025",4.0,0.25,1.0,189.34,-57.91,antihelion,58.7,,
32,1,232.5,234.5,25.0,252.96,65.79,28.02,233.82,0.9862,0.7027,44.36,174.96,233.82,,0.0,1.0,,,,,79,6,5,"2020,2021,2022,2023,2025",2.75,0.278,1.0,313.13,83.04,north_toroidal,26.8,,
32,1,34.5,36.5,25.0,273.89,-16.26,62.71,35.48,0.3531,0.944,161.17,289.82,35.47,,0.0,1.0,,,,,73,7,5,"2020,2023,2024,2025,2026",2.79,0.301,1.0,238.08,7.53,north_apex,32.2,,
32,1,37.5,39.5,25.0,281.7,-45.8,61.23,38.56,0.5227,0.9626,128.37,89.39,218.56,,0.0,1.0,,,,,40,5,5,"2022,2023,2024,2025,2026",4.0,0.3,1.0,238.41,-23.13,south_apex,30.9,,
11,1,342.0,344.0,9.0,221.92,11.38,56.87,342.73,0.4131,0.9681,112.38,280.69,342.73,,0.0,1.0,,,,,18,5,5,"2021,2023,2024,2025,2026",2.0,0.333,1.0,232.37,25.96,north_apex,36.9,,
11,1,243.0,245.0,9.0,113.1,-8.5,55.95,244.08,0.4685,0.963,106.12,93.59,64.08,,0.0,1.0,,,,,29,5,5,"2021,2022,2023,2024,2025",5.0,0.276,1.0,232.47,-29.67,south_apex,37.7,,
12,1,88.5,90.5,5.37,7.24,-16.23,68.14,89.74,1.0148,0.964,149.72,352.56,269.75,,0.0,1.0,,,,,20,5,5,"2021,2023,2024,2025,2026",2.0,0.4,1.0,274.7,-17.88,south_apex,5.3,,
16,1,246.0,248.0,9.09,88.15,50.72,39.12,246.68,0.3599,0.9518,46.81,286.52,246.68,,0.0,1.0,,,,,37,5,5,"2019,2022,2023,2024,2025",6.0,0.324,1.0,201.45,27.67,antihelion,27.7,,
18,1,298.5,300.5,9.09,240.52,13.18,58.96,299.83,0.6904,0.9088,116.21,111.39,299.83,,0.0,1.0,,,,,22,5,5,"2020,2023,2024,2025,2026",2.5,0.318,1.0,294.91,31.81,north_apex,28.4,,
17,1,339.0,341.0,9.09,191.98,14.21,43.12,340.08,0.1854,0.9785,48.05,310.1,340.08,,0.0,1.0,,,,,51,5,5,"2022,2023,2024,2025,2026",5.5,0.471,1.0,205.39,18.6,antihelion,19.3,,
72,2,57.0,60.5,23.0,288.52,5.48,56.2,58.23,0.452,0.9589,111.56,277.07,58.23,,0.0,1.0,,,,,38,5,5,"2022,2023,2024,2025,2026",2.0,0.316,1.0,232.56,27.79,north_apex,37.1,,
22,1,192.0,194.0,9.17,107.48,-0.31,66.2,192.67,0.9716,0.8896,140.6,340.25,12.67,,0.0,1.0,,,,,76,5,5,"2021,2022,2023,2024,2025",13.0,0.303,1.0,277.05,-22.93,south_apex,10.4,,
19,1,171.0,173.0,9.84,95.77,10.12,67.01,172.26,0.8413,0.8697,155.54,309.91,352.27,,0.0,1.0,,,,,29,5,5,"2020,2022,2023,2024,2025",4.0,0.345,1.0,284.11,-13.19,south_apex,13.8,,
11,1,190.5,192.5,5.37,85.77,-15.65,57.48,191.48,0.8793,0.9287,110.53,41.58,11.48,,0.0,1.0,,,,,22,5,5,"2021,2022,2023,2024,2025",3.0,0.273,1.0,252.7,-38.74,south_apex,28.3,,
21,1,51.0,53.0,5.42,322.36,12.33,64.77,51.94,0.9801,0.9064,135.45,159.74,51.94,,0.0,1.0,,,,,42,5,5,"2022,2023,2024,2025,2026",4.0,0.405,1.0,276.53,26.31,north_apex,12.9,,
11,1,309.0,311.0,10.0,179.51,-5.04,57.09,309.92,0.1341,0.9515,162.74,140.7,129.91,,0.0,1.0,,,,,19,5,5,"2021,2023,2024,2025,2026",2.0,0.421,1.0,230.88,-4.41,antihelion,31.2,,
67,3,19.5,24.5,9.7,302.83,-47.06,65.01,20.45,0.9916,0.8757,134.16,347.85,200.45,,0.0,1.0,,,,,34,5,5,"2022,2023,2024,2025,2026",2.5,0.412,1.0,273.79,-26.71,south_apex,12.2,,
11,1,57.0,59.0,9.0,287.39,-6.37,56.51,58.09,0.2305,0.9583,127.93,303.53,58.09,,0.0,1.0,,,,,35,5,5,"2022,2023,2024,2025,2026",3.5,0.371,1.0,230.0,16.12,antihelion,33.8,,
10,1,244.5,246.5,8.0,120.96,76.83,40.01,245.66,0.7722,0.9175,62.39,236.78,245.66,,0.0,1.0,,,,,30,5,5,"2019,2021,2022,2024,2025",3.0,0.3,1.0,216.45,55.54,north_toroidal,28.9,,
15,1,303.0,305.0,14.0,225.62,-25.56,68.39,303.45,0.7539,0.8902,164.16,296.97,123.44,,0.0,1.0,,,,,15,5,5,"2022,2023,2024,2025,2026",2.5,0.267,1.0,287.18,-8.1,south_apex,18.2,,
18,1,325.5,327.5,15.06,192.8,-16.85,59.65,326.61,0.2111,0.9748,148.65,126.21,146.61,,0.0,1.0,,,,,36,5,5,"2022,2023,2024,2025,2026",2.0,0.417,1.0,232.84,-9.4,antihelion,34.0,,
19,1,94.5,96.5,15.0,295.33,17.11,39.19,95.66,0.5227,0.9467,56.6,271.76,95.66,,0.0,1.0,,,,,29,5,5,"2022,2023,2024,2025,2026",4.5,0.241,1.0,205.1,37.67,antihelion,38.0,,
16,1,69.0,71.0,14.0,288.34,20.33,46.48,70.1,0.6117,0.9199,79.48,261.52,70.1,,0.0,1.0,,,,,22,5,5,"2020,2023,2024,2025,2026",2.5,0.318,1.0,223.22,41.28,north_toroidal,35.1,,
21,2,67.5,71.0,12.0,309.83,50.77,38.36,68.98,1.0114,0.5437,68.82,177.65,68.99,,0.0,1.0,,,,,30,5,5,"2021,2023,2024,2025,2026",3.0,0.3,1.0,268.69,64.37,north_toroidal,4.4,,
18,1,172.5,174.5,15.0,72.4,-26.29,52.52,173.14,0.9208,0.9111,95.9,33.9,353.14,,0.0,1.0,,,,,29,5,5,"2021,2022,2023,2024,2025",5.0,0.345,1.0,252.66,-47.31,south_apex,35.6,,
27,2,90.0,93.5,13.0,26.83,-50.65,49.8,92.3,1.0092,0.9566,88.55,10.08,272.3,,0.0,1.0,,,,,36,5,5,"2022,2023,2024,2025,2026",2.5,0.472,1.0,262.24,-54.34,south_apex,39.9,,
17,1,55.5,57.5,15.0,325.02,44.26,49.19,56.72,0.9271,0.9572,86.03,145.98,56.72,,0.0,1.0,,,,,26,5,5,"2022,2023,2024,2025,2026",2.0,0.538,1.0,293.44,54.02,north_toroidal,14.1,,
25,2,60.0,63.5,12.0,264.3,7.5,39.84,60.89,0.4094,0.9689,52.55,283.14,60.89,,0.0,1.0,,,,,49,5,5,"2022,2023,2024,2025,2026",2.0,0.347,1.0,202.98,31.61,antihelion,31.7,,
16,1,58.5,60.5,13.0,332.58,0.97,69.51,59.38,0.9854,0.972,159.91,161.35,59.36,,0.0,1.0,,,,,29,5,5,"2021,2023,2024,2025,2026",3.0,0.31,0.862,275.97,11.91,north_apex,6.6,,
19,1,52.5,54.5,15.0,287.7,9.9,56.53,53.58,0.6005,0.9278,110.13,260.08,53.57,,0.0,1.0,,,,,39,5,5,"2022,2023,2024,2025,2026",4.5,0.385,1.0,237.12,32.35,north_apex,34.7,,
14,1,348.0,350.0,7.6,275.8,-9.22,66.87,348.8,0.7687,0.9139,152.33,122.35,348.79,,0.0,1.0,,,,,38,5,5,"2022,2023,2024,2025,2026",3.5,0.342,1.0,286.81,15.53,north_apex,16.2,,
14,1,93.0,95.0,12.0,315.46,24.31,51.83,93.75,0.6389,0.9578,95.47,256.15,93.75,,0.0,1.0,,,,,28,5,5,"2022,2023,2024,2025,2026",3.5,0.286,1.0,232.73,38.1,north_toroidal,32.8,,
13,1,52.5,54.5,6.86,330.38,14.18,65.1,54.01,0.876,0.9412,136.27,136.29,54.01,,0.0,1.0,,,,,24,5,5,"2021,2023,2024,2025,2026",3.0,0.25,1.0,284.69,24.34,north_apex,16.7,,
15,1,117.0,119.0,7.6,318.5,73.8,38.53,118.21,1.0045,0.8978,63.82,167.15,118.21,,0.0,1.0,,,,,20,5,5,"2020,2021,2023,2024,2025",3.0,0.3,1.0,289.47,71.77,north_toroidal,14.2,,
45,2,81.0,84.5,14.44,311.32,10.77,56.73,81.93,0.5037,0.9606,114.19,273.21,81.93,,0.0,1.0,,,,,36,5,5,"2022,2023,2024,2025,2026",3.0,0.5,0.889,234.91,26.92,north_apex,34.9,,
15,1,75.0,77.0,12.0,339.21,-21.21,67.29,75.94,0.8674,0.8565,158.07,47.48,255.95,,0.0,1.0,,,,,26,5,5,"2022,2023,2024,2025,2026",2.5,0.346,1.0,256.99,-11.75,south_apex,13.1,,
47,2,37.5,41.0,12.07,284.46,-2.69,63.46,39.55,0.6305,0.9364,138.47,257.55,39.54,,0.0,1.0,,,,,40,5,5,"2022,2023,2024,2025,2026",6.5,0.275,1.0,245.19,19.69,north_apex,24.1,,
17,1,75.0,77.0,13.0,305.54,-8.12,57.45,75.56,0.1837,0.9689,141.08,311.03,75.55,,0.0,1.0,,,,,41,5,5,"2022,2023,2024,2025,2026",5.5,0.341,1.0,230.44,11.22,antihelion,32.3,,
26,1,318.0,320.0,14.31,154.36,-31.11,41.49,319.04,0.4911,0.907,61.66,91.21,139.04,,0.0,1.0,,,,,24,5,5,"2022,2023,2024,2025,2026",2.5,0.292,1.0,208.73,-38.61,antihelion,39.5,,
16,1,15.0,17.0,13.0,301.7,-1.77,66.68,16.02,0.7726,0.9898,146.18,122.94,16.02,,0.0,1.0,,,,,35,5,5,"2021,2022,2024,2025,2026",3.5,0.457,1.0,287.93,18.5,north_apex,17.5,,
11,1,114.0,116.0,9.0,316.54,17.91,42.69,115.35,0.3968,0.9385,62.42,285.06,115.35,,0.0,1.0,,,,,25,5,5,"2021,2022,2023,2024,2025",3.0,0.32,1.0,209.51,32.85,antihelion,34.1,,
25,2,100.5,104.0,14.0,306.46,15.64,44.27,102.86,0.4307,0.9631,67.11,281.64,102.86,,0.0,1.0,,,,,33,5,5,"2021,2022,2023,2024,2025",3.0,0.424,1.0,212.46,34.04,antihelion,36.1,,
15,1,94.5,96.5,14.0,24.6,-47.21,52.05,95.18,1.0015,0.9402,95.54,13.91,275.18,,0.0,1.0,,,,,33,5,5,"2022,2023,2024,2025,2026",2.5,0.303,1.0,259.82,-51.18,south_apex,37.2,,
14,1,312.0,314.0,6.86,191.36,5.12,61.61,313.31,0.2685,0.9553,153.21,299.03,313.31,,0.0,1.0,,,,,57,5,5,"2022,2023,2024,2025,2026",5.5,0.439,1.0,235.41,9.11,north_apex,34.3,,
17,1,355.5,357.5,13.0,232.33,-37.85,63.57,356.38,0.5708,0.9399,140.38,83.69,176.38,,0.0,1.0,,,,,43,5,5,"2021,2023,2024,2025,2026",4.0,0.372,1.0,244.08,-18.07,south_apex,25.0,,
21,1,357.0,359.0,7.06,285.91,-7.1,66.61,358.12,0.7338,0.9352,149.44,116.75,358.12,,0.0,1.0,,,,,30,5,5,"2021,2023,2024,2025,2026",4.0,0.333,1.0,290.36,16.1,north_apex,19.6,,
14,1,289.5,291.5,11.0,154.27,-5.82,57.08,290.45,0.178,0.977,123.55,130.97,110.45,,0.0,1.0,,,,,45,5,5,"2022,2023,2024,2025,2026",4.5,0.333,1.0,227.65,-16.02,antihelion,31.7,,
20,1,216.0,218.0,16.0,116.95,73.53,49.61,217.28,0.8695,0.926,87.13,222.78,217.28,,0.0,1.0,,,,,47,5,5,"2021,2022,2023,2024,2025",9.0,0.255,1.0,243.08,50.86,north_toroidal,17.8,,
21,1,241.5,243.5,16.55,128.35,38.98,60.98,242.41,0.4119,0.9549,132.41,281.54,242.42,,0.0,1.0,,,,,60,5,5,"2021,2022,2023,2024,2025",8.0,0.3,1.0,237.56,19.02,north_apex,31.3,,
13,1,87.0,89.0,11.0,330.67,-30.76,56.77,87.59,0.3096,0.9156,129.85,118.21,267.59,,0.0,1.0,,,,,68,5,5,"2020,2023,2024,2025,2026",6.0,0.353,0.956,233.37,-17.51,south_apex,35.3,,
19,1,64.5,66.5,6.54,338.12,7.31,68.17,65.26,0.9655,0.9422,154.23,155.01,65.25,,0.0,1.0,,,,,31,5,5,"2022,2023,2024,2025,2026",3.0,0.29,1.0,277.49,14.68,north_apex,7.3,,
15,1,51.0,53.0,13.0,281.8,4.51,55.1,52.22,0.4207,0.9331,108.93,282.57,52.22,,0.0,1.0,,,,,34,5,5,"2021,2023,2024,2025,2026",4.0,0.353,1.0,230.46,27.11,north_apex,38.8,,
10,1,228.0,230.0,8.0,105.7,6.66,61.7,228.68,0.3886,0.9623,140.01,104.44,48.68,,0.0,1.0,,,,,143,6,5,"2021,2022,2023,2024,2025",7.71,0.287,1.0,238.01,-15.55,south_apex,30.9,,
20,1,255.0,257.0,11.33,143.24,22.26,64.19,256.23,0.4282,0.9169,163.78,280.59,256.25,,0.0,1.0,,,,,63,5,5,"2021,2022,2023,2024,2025",7.0,0.302,1.0,241.77,7.21,north_apex,28.8,,
21,1,339.0,341.0,7.59,260.45,-9.82,67.83,339.98,0.8759,0.835,155.51,138.33,339.98,,0.0,1.0,,,,,25,5,5,"2021,2022,2023,2024,2025",2.5,0.48,1.0,281.13,13.93,north_apex,10.8,,
10,1,10.5,12.5,8.0,217.54,6.43,40.41,12.01,0.2698,0.9759,41.4,299.08,12.02,,0.0,1.0,,,,,28,5,5,"2022,2023,2024,2025,2026",3.0,0.429,1.0,200.62,20.56,antihelion,20.6,,
16,1,91.5,93.5,13.0,27.34,28.1,61.01,92.22,0.3927,0.9732,140.17,76.58,92.21,,0.0,1.0,,,,,40,5,5,"2022,2023,2024,2025,2026",5.5,0.325,1.0,303.12,15.67,north_apex,31.9,,
21,1,345.0,347.0,17.0,279.44,-44.62,64.24,345.63,0.6881,0.9233,137.7,289.86,165.63,,0.0,1.0,,,,,41,5,5,"2022,2023,2024,2025,2026",2.0,0.415,1.0,292.07,-20.23,south_apex,21.7,,
10,1,174.0,176.0,8.0,161.79,48.24,45.01,174.73,0.4808,0.9823,68.53,87.32,174.73,,0.0,1.0,,,,,48,5,5,"2020,2022,2023,2024,2025",5.0,0.417,1.0,328.11,36.8,helion,38.5,,
10,1,343.5,345.5,8.0,164.55,-26.01,33.62,344.91,0.5048,0.9033,34.0,93.33,164.91,,0.0,1.0,,,,,25,4,4,"2023,2024,2025,2026",1.0,0.52,1.0,191.25,-29.31,antihelion,30.5,,
10,1,24.0,26.0,8.0,300.35,-35.91,68.81,24.73,1.0026,0.9128,154.12,356.23,204.74,,0.0,1.0,,,,,23,4,4,"2023,2024,2025,2026",1.0,0.435,1.0,269.95,-15.59,south_apex,0.6,,
13,1,66.0,68.0,6.86,344.07,12.0,66.07,66.98,0.8715,0.9494,147.4,135.4,66.97,,0.0,1.0,,,,,18,4,4,"2023,2024,2025,2026",1.5,0.333,1.0,284.25,18.69,north_apex,14.1,,
11,1,54.0,56.0,9.0,254.52,-47.86,40.93,55.42,0.2997,0.9575,49.25,115.51,235.42,,0.0,1.0,,,,,24,4,4,"2022,2023,2025,2026",1.5,0.458,1.0,203.38,-25.17,antihelion,25.4,,
21,1,54.0,56.0,7.06,3.43,-37.91,59.43,55.19,0.8759,0.9304,115.86,315.02,235.19,,0.0,1.0,,,,,29,4,4,"2023,2024,2025,2026",1.5,0.414,1.0,287.64,-35.22,south_apex,25.8,,
13,1,355.5,357.5,8.35,291.24,-41.08,64.42,356.26,0.6879,0.932,141.49,291.76,176.26,,0.0,1.0,,,,,24,4,4,"2023,2024,2025,2026",1.5,0.5,1.0,291.41,-19.63,south_apex,21.0,,
23,1,85.5,87.5,7.59,11.81,63.27,42.49,86.48,0.7456,0.9111,70.57,115.99,86.48,,0.0,1.0,,,,,24,4,4,"2023,2024,2025,2026",1.5,0.375,1.0,318.68,51.2,north_toroidal,28.9,,
17,1,13.5,15.5,8.35,313.2,-42.04,62.97,14.13,0.7593,0.8783,134.61,299.87,194.13,,0.0,1.0,,,,,17,4,4,"2023,2024,2025,2026",1.0,0.412,1.0,288.83,-24.22,south_apex,20.0,,
14,1,37.5,39.5,6.86,286.91,-54.23,59.91,38.34,0.6917,0.9554,116.49,69.06,218.34,,0.0,1.0,,,,,28,4,4,"2023,2024,2025,2026",1.5,0.321,1.0,241.54,-31.4,south_apex,30.9,,
12,1,27.0,29.0,9.0,328.26,-50.32,60.96,27.75,0.9094,0.9464,118.05,323.88,207.75,,0.0,1.0,,,,,28,4,4,"2023,2024,2025,2026",1.5,0.429,1.0,284.17,-35.54,south_apex,24.2,,
13,1,354.0,356.0,6.86,232.78,14.49,54.64,354.8,0.5166,0.9494,103.83,266.86,354.8,,0.0,1.0,,,,,16,4,4,"2023,2024,2025,2026",1.5,0.375,1.0,232.54,31.66,north_apex,38.2,,
11,1,120.0,122.0,5.37,42.02,26.18,66.84,121.03,0.7833,0.9254,162.02,119.95,121.02,,0.0,1.0,,,,,39,4,4,"2022,2023,2024,2025",5.0,0.359,1.0,287.6,9.97,north_apex,17.9,,
11,1,100.5,102.5,9.0,6.53,-36.95,56.88,101.72,0.708,0.9393,112.51,68.98,281.72,,0.0,1.0,,,,,50,4,4,"2022,2023,2024,2025",1.5,0.48,1.0,241.06,-33.41,south_apex,32.2,,
14,1,336.0,338.0,7.6,202.66,-37.65,60.06,336.87,0.5594,0.9636,122.02,85.19,156.87,,0.0,1.0,,,,,41,4,4,"2022,2023,2025,2026",1.5,0.439,1.0,239.06,-25.86,south_apex,31.0,,
10,1,346.5,348.5,5.37,257.83,-34.91,69.46,347.65,0.9865,0.8545,159.2,350.73,167.66,,0.0,1.0,,,,,26,4,4,"2022,2024,2025,2026",1.5,0.385,1.0,271.86,-13.56,south_apex,2.3,,
14,1,75.0,77.0,7.6,10.51,-6.31,65.65,75.81,0.6525,0.9272,159.37,284.96,255.81,,0.0,1.0,,,,,13,4,4,"2023,2024,2025,2026",1.5,0.308,1.0,291.33,-10.13,south_apex,21.4,,
12,1,18.0,20.0,5.37,305.06,-31.5,68.09,19.5,0.8804,0.8936,158.83,318.26,199.51,,0.0,1.0,,,,,30,4,4,"2023,2024,2025,2026",1.5,0.433,0.967,280.83,-12.11,south_apex,10.9,,
12,1,96.0,98.0,5.37,352.56,-10.11,67.48,97.51,0.7445,0.9482,167.26,64.39,277.52,,0.0,1.0,,,,,18,4,4,"2020,2023,2024,2025",1.5,0.389,1.0,251.14,-6.34,south_apex,20.5,,
14,1,355.5,357.5,7.6,286.46,-0.96,62.72,357.04,0.6797,0.8628,137.32,106.88,357.03,,0.0,1.0,,,,,18,4,4,"2022,2023,2025,2026",1.5,0.333,1.0,293.4,21.01,north_apex,23.1,,
12,1,202.5,204.5,9.0,52.83,-69.22,20.11,203.45,0.9914,0.7036,30.58,9.56,23.45,,0.0,1.0,,,,,62,4,4,"2022,2023,2024,2025",4.0,0.435,1.0,120.69,-77.61,antihelion,99.2,,
11,1,105.0,107.0,5.37,303.14,18.53,40.63,105.82,0.4725,0.9671,57.36,274.9,105.82,,0.0,1.0,,,,,20,4,4,"2021,2022,2024,2025",3.0,0.3,1.0,204.97,35.63,antihelion,35.9,,
10,1,4.5,6.5,8.0,273.88,-25.74,69.69,5.85,0.9948,0.7952,175.82,9.13,185.48,,0.0,1.0,,,,,21,4,4,"2022,2024,2025,2026",1.0,0.476,1.0,267.6,-2.09,south_apex,13.1,,
17,1,78.0,80.0,8.35,10.87,-63.16,44.58,79.23,0.9704,0.8557,78.3,24.99,259.23,,0.0,1.0,,,,,59,4,4,"2023,2024,2025,2026",3.0,0.441,1.0,248.49,-59.47,south_apex,47.7,,
12,1,244.5,246.5,5.37,100.2,-34.81,41.47,245.32,0.8194,0.9675,65.15,49.17,65.32,,0.0,1.0,,,,,32,4,4,"2022,2023,2024,2025",2.0,0.469,1.0,220.05,-57.01,south_apex,58.3,,
10,1,351.0,353.0,8.0,258.15,-28.2,71.31,352.08,0.9898,0.9595,171.12,7.3,172.09,,0.0,1.0,,,,,18,4,4,"2023,2024,2025,2026",1.5,0.444,1.0,267.43,-5.14,south_apex,10.2,,
10,1,250.5,252.5,8.0,105.67,-33.76,42.72,251.52,0.7956,0.9721,68.77,52.7,71.52,,0.0,1.0,,,,,42,4,4,"2022,2023,2024,2025",3.0,0.476,1.0,223.47,-55.13,south_apex,55.3,,
10,1,78.0,80.0,8.0,6.88,-3.89,67.36,79.44,0.8109,0.8969,168.82,306.16,259.45,,0.0,1.0,,,,,13,4,4,"2023,2024,2025,2026",1.5,0.308,1.0,284.38,-5.42,south_apex,17.1,,
10,1,81.0,83.0,8.0,10.38,-49.23,53.26,82.06,0.9889,0.8811,98.68,19.53,262.06,,0.0,1.0,,,,,24,4,4,"2023,2024,2025,2026",1.0,0.583,1.0,258.4,-48.07,south_apex,34.5,,
13,1,96.0,98.0,6.86,30.6,-22.32,61.44,97.04,0.9417,0.9029,123.88,328.04,277.04,,0.0,1.0,,,,,29,4,4,"2023,2024,2025,2026",1.5,0.345,1.0,282.48,-33.19,south_apex,21.5,,
10,1,84.0,86.0,8.0,3.48,-30.82,63.15,85.03,0.9946,0.8685,128.44,17.24,265.04,,0.0,1.0,,,,,28,4,4,"2023,2024,2025,2026",1.5,0.321,1.0,263.28,-30.19,south_apex,16.4,,
10,1,0.0,2.0,8.0,179.27,-49.27,38.02,1.04,0.6547,0.9251,55.19,74.04,181.04,,0.0,1.0,,,,,17,4,4,"2023,2024,2025,2026",1.5,0.294,1.0,201.16,-45.79,antihelion,45.8,,
10,1,85.5,87.5,8.0,339.67,-35.18,61.2,86.46,0.6075,1.0009,126.74,78.99,266.46,,0.0,1.0,,,,,25,4,4,"2023,2024,2025,2026",1.5,0.32,1.0,241.93,-24.74,south_apex,28.1,,
10,1,103.5,105.5,8.0,329.15,19.34,55.45,104.75,0.5165,0.9285,109.31,270.64,104.75,,0.0,1.0,,,,,19,4,4,"2021,2023,2024,2025",3.0,0.368,1.0,235.27,30.23,north_apex,35.5,,
25,1,195.0,197.0,6.71,114.41,17.1,69.39,196.02,0.943,0.8112,172.66,331.05,16.29,,0.0,1.0,,,,,23,4,4,"2022,2023,2024,2025",3.0,0.348,1.0,278.45,-4.01,south_apex,13.8,,
10,1,4.5,6.5,8.0,292.04,-46.1,65.69,5.57,0.9059,0.9552,137.37,324.19,185.57,,0.0,1.0,,,,,22,4,4,"2023,2024,2025,2026",1.5,0.5,1.0,280.64,-23.43,south_apex,13.1,,
12,1,345.0,347.0,6.11,226.96,18.64,54.75,345.87,0.5668,0.9872,100.76,262.02,345.86,,0.0,1.0,,,,,27,4,4,"2022,2024,2025,2026",1.5,0.444,1.0,232.85,34.68,north_toroidal,35.7,,
13,1,21.0,23.0,6.11,332.23,-56.57,57.43,22.32,0.886,0.9705,106.59,319.82,202.32,,0.0,1.0,,,,,21,4,4,"2023,2024,2025,2026",2.0,0.333,1.0,287.39,-41.05,south_apex,30.2,,
10,1,28.5,30.5,8.0,279.87,-38.15,64.48,29.03,0.6697,0.8799,149.51,74.38,209.03,,0.0,1.0,,,,,47,4,4,"2023,2024,2025,2026",3.0,0.383,1.0,248.13,-15.33,south_apex,21.1,,
10,1,93.0,95.0,8.0,306.47,15.01,46.37,93.67,0.4049,0.915,78.86,285.38,93.67,,0.0,1.0,,,,,25,4,4,"2022,2024,2025,2026",2.0,0.4,1.0,219.04,33.26,antihelion,37.9,,
13,1,87.0,89.0,6.11,324.6,6.03,61.76,87.43,0.5353,0.9472,136.09,268.92,87.42,,0.0,1.0,,,,,34,4,4,"2023,2024,2025,2026",3.0,0.412,1.0,241.16,19.68,north_apex,27.9,,
28,2,39.0,42.5,8.0,305.04,-58.93,58.3,40.2,0.8902,0.9087,111.36,40.45,220.21,,0.0,1.0,,,,,28,4,4,"2023,2024,2025,2026",2.0,0.357,1.0,252.5,-37.93,south_apex,27.8,,
10,1,289.5,291.5,8.0,137.39,-7.51,45.93,290.68,0.2077,0.9737,64.11,126.07,110.68,,0.0,1.0,,,,,20,4,4,"2023,2024,2025,2026",1.5,0.35,1.0,211.14,-23.02,antihelion,25.5,,
11,1,111.0,113.0,6.11,6.27,7.41,68.96,111.61,0.865,0.9307,172.17,226.73,111.38,,0.0,1.0,,,,,17,4,4,"2022,2023,2024,2025",2.0,0.353,1.0,256.18,4.27,north_apex,17.3,,
10,1,100.5,102.5,8.0,292.84,-70.12,28.25,101.62,0.79,0.9426,35.43,57.27,281.62,,0.0,1.0,,,,,31,4,4,"2022,2023,2024,2025",1.5,0.516,1.0,179.44,-48.28,antihelion,51.8,,
10,1,100.5,102.5,8.0,11.21,-29.27,61.3,101.57,0.9199,0.8558,124.92,36.72,281.57,,0.0,1.0,,,,,19,4,4,"2022,2024,2025,2026",1.0,0.421,1.0,253.25,-31.1,south_apex,22.3,,
10,1,321.0,323.0,5.37,206.21,-65.48,53.5,321.93,0.9819,0.8919,97.35,351.36,141.93,,0.0,1.0,,,,,21,4,4,"2023,2024,2025,2026",1.0,0.333,1.0,273.76,-49.36,south_apex,34.5,,
10,1,106.5,108.5,8.0,3.73,8.78,67.96,107.15,0.9009,0.8341,168.73,221.32,107.12,,0.0,1.0,,,,,20,4,4,"2021,2022,2024,2025",3.0,0.4,1.0,258.81,6.86,north_apex,13.7,,
10,1,352.5,354.5,8.0,227.75,-1.13,58.3,353.54,0.2611,0.9605,130.65,300.73,353.54,,0.0,1.0,,,,,19,4,4,"2023,2024,2025,2026",1.5,0.421,1.0,230.8,15.77,antihelion,34.3,,
10,1,24.0,26.0,8.0,312.09,-6.54,66.48,25.35,0.7318,0.8813,158.95,113.48,25.34,,0.0,1.0,,,,,22,4,4,"2021,2024,2025,2026",1.0,0.455,1.0,288.63,11.24,north_apex,18.5,,
10,1,111.0,113.0,8.0,357.55,-7.64,63.78,112.33,0.4648,0.9085,166.23,97.65,292.35,,0.0,1.0,,,,,30,4,4,"2021,2023,2024,2025",2.0,0.4,1.0,242.9,-7.0,south_apex,27.8,,
10,1,345.0,347.0,8.0,277.77,-16.0,65.76,345.83,0.5918,0.8887,164.81,98.01,345.83,,0.0,1.0,,,,,16,4,4,"2023,2024,2025,2026",1.5,0.312,1.0,292.72,7.69,north_apex,23.4,,
10,1,244.5,246.5,8.0,151.53,-30.29,58.61,246.09,0.9376,0.8856,112.66,333.43,66.09,,0.0,1.0,,,,,26,4,4,"2022,2023,2024,2025",3.0,0.5,1.0,280.91,-38.13,south_apex,25.1,,
10,1,309.0,311.0,5.37,180.59,-10.15,60.52,310.14,0.23,0.9655,151.35,124.62,130.14,,0.0,1.0,,,,,33,4,4,"2023,2024,2025,2026",3.5,0.394,1.0,234.59,-8.88,south_apex,35.2,,
10,1,55.5,57.5,8.0,334.37,-19.9,68.79,56.66,1.0057,0.8295,165.09,350.9,236.67,,0.0,1.0,,,,,36,4,4,"2022,2024,2025,2026",1.5,0.306,1.0,271.86,-8.28,south_apex,7.0,,
10,1,100.5,102.5,8.0,12.56,-16.24,66.43,101.21,0.9813,0.862,146.07,22.37,281.22,,0.0,1.0,,,,,28,4,4,"2022,2023,2024,2025",1.5,0.393,1.0,263.1,-19.69,south_apex,8.1,,
27,2,351.0,354.5,8.0,280.2,-5.51,65.78,351.69,0.7222,0.928,146.17,114.82,351.69,,0.0,1.0,,,,,30,4,4,"2023,2024,2025,2026",1.5,0.467,1.0,289.96,17.04,north_apex,19.3,,
18,1,252.0,254.0,5.48,90.82,54.46,37.24,252.75,0.4319,0.9488,43.72,279.62,252.75,,0.0,1.0,,,,,42,4,4,"2021,2023,2024,2025",4.0,0.31,1.0,198.55,30.66,antihelion,30.7,,
44,1,34.5,36.5,7.27,311.28,2.44,65.97,35.45,0.9305,0.8196,144.28,146.69,35.45,,0.0,1.0,,,,,32,4,4,"2020,2024,2025,2026",2.0,0.531,1.0,279.47,20.27,north_apex,10.5,,
13,1,0.0,2.0,10.0,249.86,21.28,53.34,1.06,0.7922,0.8654,98.43,235.29,1.06,,0.0,1.0,,,,,20,4,4,"2023,2024,2025,2026",1.5,0.35,1.0,240.59,42.55,north_toroidal,25.4,,
20,2,90.0,93.5,9.0,350.28,-61.77,42.02,92.78,0.8161,0.7784,73.33,56.68,272.78,,0.0,1.0,,,,,30,4,4,"2023,2024,2025,2026",1.0,0.433,1.0,232.23,-52.72,south_apex,49.1,,
30,2,67.5,71.0,13.0,344.25,-31.21,67.09,69.21,0.9936,0.9425,141.1,16.72,249.22,,0.0,1.0,,,,,40,4,4,"2023,2024,2025,2026",2.0,0.425,1.0,264.44,-23.3,south_apex,9.8,,
24,2,277.5,281.0,14.0,156.27,17.51,58.71,278.38,0.1792,0.9532,157.24,312.8,278.39,,0.0,1.0,,,,,31,4,4,"2022,2023,2024,2025",1.0,0.323,1.0,232.65,6.53,antihelion,33.2,,
16,1,27.0,29.0,14.0,223.91,-35.17,40.99,27.71,0.2158,0.9625,42.37,128.17,207.7,,0.0,1.0,,,,,25,4,4,"2023,2024,2025,2026",1.0,0.52,1.0,203.55,-17.91,antihelion,18.2,,
77,4,325.5,330.5,13.57,159.23,-43.54,41.32,329.52,0.6567,0.9064,64.14,72.9,149.52,,0.0,1.0,,,,,18,4,4,"2023,2024,2025,2026",1.0,0.556,1.0,212.48,-47.07,antihelion,48.4,,
55,3,321.0,326.0,13.57,238.13,-25.52,70.32,323.17,0.9224,0.9216,169.95,328.93,143.17,,0.0,1.0,,,,,13,4,4,"2022,2023,2024,2025",1.5,0.308,1.0,278.39,-5.09,south_apex,12.9,,
75,5,114.0,122.0,13.57,13.32,-12.99,64.33,118.08,0.6978,0.9305,146.41,71.06,298.09,,0.0,1.0,,,,,34,4,4,"2020,2023,2024,2025",2.0,0.471,1.0,248.51,-16.12,south_apex,20.7,,
17,1,229.5,231.5,13.0,76.72,-41.46,31.72,230.52,0.872,0.8705,48.3,41.09,50.52,,0.0,1.0,,,,,106,4,4,"2022,2023,2024,2025",8.0,0.5,1.0,197.54,-64.75,antihelion,64.8,,
16,1,231.0,233.0,13.0,79.17,-42.93,31.44,231.99,0.8856,0.8579,47.61,39.51,51.99,,0.0,1.0,,,,,99,4,4,"2022,2023,2024,2025",8.0,0.495,1.0,197.96,-64.84,antihelion,64.9,,
16,1,195.0,197.0,13.0,80.14,-47.21,38.52,196.45,0.9622,0.9256,61.85,22.48,16.45,,0.0,1.0,,,,,42,4,4,"2020,2023,2024,2025",2.0,0.429,1.0,234.1,-69.13,south_apex,60.3,,
30,2,333.0,336.5,13.0,160.2,-32.87,39.1,333.83,0.5026,0.9377,53.85,91.11,153.83,,0.0,1.0,,,,,21,4,4,"2023,2024,2025,2026",1.5,0.429,1.0,204.39,-36.21,antihelion,36.5,,
16,1,99.0,101.0,13.0,322.14,37.15,39.68,99.57,0.7379,0.4395,78.59,264.06,99.57,,0.0,1.0,,,,,22,4,4,"2022,2023,2024,2025",1.5,0.364,1.0,241.79,47.88,north_toroidal,20.6,,
16,1,321.0,323.0,13.0,248.35,-13.51,67.02,321.97,0.7469,0.8298,163.66,117.87,321.97,,0.0,1.0,,,,,13,4,4,"2022,2024,2025,2026",1.5,0.308,1.0,285.91,9.41,north_apex,16.5,,
14,1,85.5,87.5,13.0,15.32,-49.94,51.21,86.37,0.9935,0.9284,94.43,17.38,266.37,,0.0,1.0,,,,,27,4,4,"2023,2024,2025,2026",1.5,0.407,1.0,259.91,-51.33,south_apex,37.3,,
31,2,304.5,308.0,13.0,142.68,-33.94,42.37,305.21,0.6342,0.9236,66.34,76.11,125.21,,0.0,1.0,,,,,21,4,4,"2023,2024,2025,2026",2.0,0.333,1.0,215.2,-46.27,antihelion,48.3,,
16,1,75.0,77.0,13.0,303.3,9.97,54.88,75.85,0.4629,0.9527,107.71,277.27,75.85,,0.0,1.0,,,,,24,4,4,"2022,2023,2024,2026",2.0,0.292,1.0,233.0,28.93,north_apex,37.0,,
18,1,105.0,107.0,14.0,357.06,-22.77,61.5,105.65,0.5494,0.9308,136.89,87.88,285.66,,0.0,1.0,,,,,30,4,4,"2022,2023,2024,2025",2.0,0.467,1.0,242.41,-19.67,south_apex,26.7,,
42,1,108.0,110.0,12.31,5.02,-12.61,65.21,108.7,0.7021,0.8953,153.55,70.32,288.71,,0.0,1.0,,,,,31,4,4,"2022,2023,2024,2025",4.0,0.355,1.0,247.36,-13.51,south_apex,22.0,,
30,2,52.5,56.0,12.07,319.14,-51.86,59.01,55.3,0.828,0.9127,117.14,50.56,235.3,,0.0,1.0,,,,,26,4,4,"2023,2024,2025,2026",1.0,0.385,1.0,250.57,-33.98,south_apex,25.9,,
21,2,27.0,30.5,12.0,268.53,-59.48,56.17,28.12,0.7271,0.9267,106.04,64.96,208.12,,0.0,1.0,,,,,26,4,4,"2023,2024,2025,2026",2.0,0.423,1.0,241.76,-36.9,south_apex,33.5,,
15,1,28.5,30.5,12.0,281.48,-42.51,65.48,29.02,0.7492,0.9655,142.4,61.73,209.02,,0.0,1.0,,,,,28,4,4,"2023,2024,2025,2026",1.5,0.464,1.0,250.1,-19.29,south_apex,19.5,,
15,1,28.5,30.5,12.0,291.93,-49.21,63.23,29.22,0.9019,0.8481,131.57,38.57,209.22,,0.0,1.0,,,,,36,4,4,"2023,2024,2025,2026",3.0,0.333,1.0,256.78,-26.97,south_apex,17.2,,
31,2,1.5,5.0,12.0,294.67,4.7,62.61,2.91,0.6489,0.9773,127.63,107.26,2.9,,0.0,1.0,,,,,16,4,4,"2022,2024,2025,2026",1.0,0.438,1.0,295.0,25.14,north_apex,25.6,,
68,4,309.0,315.5,12.0,147.16,-31.68,43.41,309.73,0.5512,0.9451,68.52,85.55,129.73,,0.0,1.0,,,,,31,4,4,"2023,2024,2025,2026",2.0,0.387,1.0,213.97,-40.64,antihelion,42.7,,
15,1,87.0,89.0,12.0,296.03,-45.15,39.17,87.91,0.2912,0.9685,44.34,116.39,267.9,,0.0,1.0,,,,,56,4,4,"2023,2024,2025,2026",2.0,0.429,1.0,201.64,-22.77,antihelion,22.8,,
15,1,250.5,252.5,12.0,62.59,67.39,30.26,250.97,0.7266,0.9192,38.13,242.31,250.96,,0.0,1.0,,,,,26,4,4,"2021,2023,2024,2025",2.0,0.346,1.0,187.28,46.8,antihelion,48.2,,
15,1,118.5,120.5,12.0,39.62,-15.21,64.02,119.48,1.0132,0.9367,130.19,353.44,299.49,,0.0,1.0,,,,,40,4,4,"2022,2023,2024,2025",2.0,0.525,1.0,272.01,-29.99,south_apex,15.1,,
14,1,105.0,107.0,12.0,335.76,-3.97,58.15,106.11,0.1592,0.9817,158.36,315.24,106.1,,0.0,1.0,,,,,53,4,4,"2021,2023,2024,2025",2.0,0.585,1.0,229.54,5.83,antihelion,30.1,,
35,2,84.0,87.5,11.33,4.69,-18.03,67.17,85.25,1.0121,0.8344,150.38,10.31,265.26,,0.0,1.0,,,,,39,4,4,"2023,2024,2025,2026",1.5,0.385,1.0,266.77,-16.86,south_apex,3.6,,
21,1,16.5,18.5,11.33,287.52,-45.93,66.45,17.33,0.9909,0.8427,138.86,13.27,197.32,,0.0,1.0,,,,,28,4,4,"2023,2024,2025,2026",1.5,0.321,1.0,265.78,-23.53,south_apex,9.4,,
18,1,339.0,341.0,14.0,271.04,-42.45,65.04,340.11,0.7036,0.9706,141.63,294.41,160.11,,0.0,1.0,,,,,27,4,4,"2023,2024,2025,2026",1.5,0.37,1.0,290.65,-20.13,south_apex,20.3,,
25,2,240.0,243.5,15.0,99.77,-29.56,42.89,241.14,0.7567,0.9553,70.05,59.3,61.14,,0.0,1.0,,,,,29,4,4,"2019,2023,2024,2025",2.0,0.379,1.0,221.04,-52.52,south_apex,55.4,,
22,2,183.0,186.5,11.0,121.8,10.56,64.49,185.45,0.5009,0.9142,158.63,267.64,5.45,,0.0,1.0,,,,,22,4,4,"2022,2023,2024,2025",3.0,0.409,1.0,297.15,-9.63,south_apex,27.1,,
21,1,330.0,332.0,19.0,147.06,-55.73,35.5,331.11,0.8556,0.8318,56.76,46.46,151.11,,0.0,1.0,,,,,13,4,4,"2023,2024,2025,2026",1.0,0.308,1.0,214.55,-60.78,antihelion,62.1,,
38,1,0.0,2.0,36.0,229.9,-29.08,59.59,0.81,0.2642,0.9656,150.19,120.03,180.81,,0.0,1.0,,,,,66,4,4,"2023,2024,2025,2026",3.0,0.379,1.0,230.03,-9.2,antihelion,31.3,,
72,4,91.5,98.0,29.0,7.58,-32.54,59.31,95.58,0.9223,0.8389,119.82,38.34,275.58,,0.0,1.0,,,,,18,4,4,"2023,2024,2025,2026",1.5,0.5,1.0,256.89,-31.61,south_apex,20.5,,
89,3,105.0,108.5,28.0,10.62,-12.82,66.23,106.18,0.8833,0.8802,152.17,44.03,286.19,,0.0,1.0,,,,,24,4,4,"2022,2023,2024,2025",2.0,0.417,1.0,256.77,-16.24,south_apex,12.8,,
32,1,81.0,83.0,26.0,4.55,-17.81,66.84,81.72,0.9863,0.8598,147.88,339.47,261.73,,0.0,1.0,,,,,24,4,4,"2022,2023,2024,2026",1.5,0.5,1.0,275.26,-17.97,south_apex,5.9,,
33,2,99.0,102.5,25.0,353.25,-13.63,64.76,100.04,0.6138,0.8497,159.05,81.02,280.06,,0.0,1.0,,,,,34,4,4,"2023,2024,2025,2026",1.5,0.382,1.0,249.17,-9.9,south_apex,21.0,,
14,1,55.5,57.5,24.0,342.58,-41.95,60.87,56.77,1.0089,0.7721,125.15,11.14,236.78,,0.0,1.0,,,,,19,4,4,"2023,2024,2025,2026",1.0,0.526,1.0,266.61,-31.26,south_apex,16.6,,
18,1,36.0,38.0,24.0,351.69,-70.56,46.29,37.08,1.002,0.928,80.7,347.53,217.07,,0.0,1.0,,,,,43,4,4,"2023,2024,2025,2026",2.5,0.372,1.0,277.72,-59.88,south_apex,45.3,,
41,1,36.0,38.0,23.26,301.82,-45.72,64.29,36.73,0.899,0.8532,135.38,39.8,216.73,,0.0,1.0,,,,,52,4,4,"2023,2024,2025,2026",4.5,0.308,1.0,257.06,-25.02,south_apex,15.8,,
73,3,12.0,17.0,22.0,271.35,-50.72,63.13,13.11,0.913,0.867,130.87,36.03,193.1,,0.0,1.0,,,,,51,4,4,"2023,2024,2025,2026",3.5,0.431,1.0,257.22,-28.15,south_apex,17.7,,
106,6,69.0,78.5,20.0,11.64,-66.68,43.63,74.52,0.9749,0.8323,75.84,23.49,254.52,,0.0,1.0,,,,,63,4,4,"2023,2024,2025,2026",1.5,0.349,1.0,249.07,-60.35,south_apex,48.3,,
25,1,180.0,182.0,20.0,55.39,-35.83,40.55,181.49,0.762,0.9008,66.64,60.63,1.49,,0.0,1.0,,,,,29,4,4,"2020,2023,2024,2025",2.0,0.552,1.0,218.87,-53.32,antihelion,55.9,,
27,1,4.5,6.5,19.53,277.89,-45.2,66.93,5.23,0.9966,0.8585,141.89,346.04,185.23,,0.0,1.0,,,,,27,4,4,"2023,2024,2025,2026",1.0,0.444,1.0,273.88,-21.87,south_apex,7.8,,
24,1,357.0,359.0,19.53,247.34,-20.21,68.45,357.99,0.6944,0.9323,172.9,241.05,357.65,,0.0,1.0,,,,,21,4,4,"2023,2024,2025,2026",1.5,0.381,1.0,253.66,3.67,north_apex,19.7,,
56,4,37.5,44.0,19.0,347.64,-44.62,59.03,42.08,0.8775,0.9373,114.47,317.17,222.08,,0.0,1.0,,,,,94,4,4,"2023,2024,2025,2026",5.5,0.351,1.0,287.11,-35.87,south_apex,26.0,,
18,1,40.5,42.5,15.0,317.89,-43.15,64.21,41.89,0.9976,0.7944,135.43,11.9,221.89,,0.0,1.0,,,,,26,4,4,"2023,2024,2025,2026",1.0,0.423,1.0,265.86,-25.28,south_apex,11.0,,
23,1,27.0,29.0,19.0,311.99,-42.03,65.89,27.83,0.9802,0.8911,140.85,341.52,207.83,,0.0,1.0,,,,,30,4,4,"2023,2024,2025,2026",1.5,0.367,1.0,275.93,-22.72,south_apex,9.5,,
25,1,100.5,102.5,18.04,21.6,-23.38,63.98,101.63,1.0138,0.9113,129.84,10.49,281.64,,0.0,1.0,,,,,21,4,4,"2021,2023,2024,2025",1.5,0.429,1.0,266.56,-29.31,south_apex,14.7,,
31,1,324.0,326.0,18.04,157.21,-31.09,40.22,324.7,0.4734,0.917,57.62,94.1,144.7,,0.0,1.0,,,,,21,4,4,"2023,2024,2025,2026",2.5,0.333,1.0,207.97,-36.96,antihelion,37.7,,
23,1,175.5,177.5,18.0,98.69,12.78,68.38,176.96,0.8728,0.8529,160.98,315.38,356.97,,0.0,1.0,,,,,32,4,4,"2020,2022,2023,2025",4.0,0.344,1.0,283.23,-10.9,south_apex,13.5,,
22,1,28.5,30.5,17.0,299.35,-38.18,67.2,29.21,0.9845,0.8167,149.88,17.18,209.21,,0.0,1.0,,,,,38,4,4,"2023,2024,2025,2026",3.5,0.368,1.0,264.98,-17.33,south_apex,5.4,,
51,3,343.5,348.5,17.0,183.44,-21.17,40.9,347.64,0.2084,0.9631,42.92,128.32,167.64,,0.0,1.0,,,,,76,4,4,"2023,2024,2025,2026",3.0,0.355,1.0,204.28,-17.97,antihelion,18.5,,
22,1,39.0,41.0,17.0,295.87,-41.5,64.57,39.94,0.7466,0.9209,140.88,63.37,219.94,,0.0,1.0,,,,,23,4,4,"2023,2024,2025,2026",1.5,0.304,1.0,249.72,-20.48,south_apex,20.1,,
20,1,40.5,42.5,16.0,288.7,-46.25,61.91,41.93,0.5971,0.9522,130.41,80.28,221.93,,0.0,1.0,,,,,50,4,4,"2023,2024,2025,2026",2.0,0.32,1.0,242.07,-23.31,south_apex,27.7,,
20,1,321.0,323.0,16.0,159.04,-27.04,43.4,321.88,0.4174,0.9425,65.52,100.81,141.88,,0.0,1.0,,,,,30,4,4,"2023,2024,2025,2026",1.5,0.467,1.0,212.21,-35.1,antihelion,37.0,,
29,2,25.5,29.0,16.0,270.66,-50.83,60.26,27.85,0.6408,0.9438,123.07,75.15,207.85,,0.0,1.0,,,,,35,4,4,"2023,2024,2025,2026",1.0,0.543,1.0,242.66,-26.87,south_apex,28.2,,
25,1,12.0,14.0,15.8,272.29,-38.11,68.23,13.08,0.8975,0.8869,153.37,38.72,193.09,,0.0,1.0,,,,,22,4,4,"2023,2024,2025,2026",1.5,0.455,1.0,258.53,-14.66,south_apex,11.1,,
21,1,4.5,6.5,15.8,234.88,-28.62,60.48,5.71,0.2623,0.9671,152.4,119.96,185.71,,0.0,1.0,,,,,41,4,4,"2023,2024,2025,2026",2.0,0.488,1.0,233.9,-9.02,antihelion,35.0,,
123,6,58.5,66.5,15.06,329.73,-29.78,65.18,63.69,0.8801,0.7622,149.77,45.95,243.7,,0.0,1.0,,,,,28,4,4,"2023,2024,2025,2026",2.0,0.393,1.0,257.74,-16.08,south_apex,11.9,,
14,1,216.0,218.0,11.0,115.76,-63.43,28.63,217.23,0.9816,0.6879,47.05,346.8,37.23,,0.0,1.0,,,,,61,4,4,"2022,2023,2024,2025",4.0,0.443,1.0,318.35,-78.09,south_apex,71.3,,
26,1,61.5,63.5,5.14,293.45,8.61,54.99,62.49,0.5054,0.9168,105.37,271.86,62.49,,0.0,1.0,,,,,32,4,4,"2023,2024,2025,2026",2.0,0.406,1.0,232.6,30.58,north_apex,37.8,,
18,1,151.5,153.5,9.09,79.79,11.27,66.97,152.37,0.7674,0.9132,157.71,300.59,332.38,,0.0,1.0,,,,,24,4,4,"2020,2023,2024,2025",3.0,0.542,1.0,287.77,-12.09,south_apex,17.5,,
11,1,346.5,348.5,9.0,280.17,-42.3,64.62,347.33,0.6924,0.9023,141.83,292.0,167.33,,0.0,1.0,,,,,40,4,4,"2023,2024,2025,2026",1.5,0.375,1.0,291.04,-19.69,south_apex,20.6,,
12,1,339.0,341.0,9.0,163.86,-31.3,37.83,340.65,0.4912,0.963,47.43,92.74,160.65,,0.0,1.0,,,,,24,4,4,"2022,2024,2025,2026",1.5,0.667,1.0,198.78,-34.44,antihelion,34.5,,
11,1,339.0,341.0,9.0,274.87,-16.67,66.07,340.12,0.537,0.9399,165.83,93.64,340.12,,0.0,1.0,,,,,22,4,4,"2023,2024,2025,2026",1.5,0.5,1.0,293.86,6.5,north_apex,24.9,,
10,1,268.5,270.5,9.0,112.36,46.13,36.56,269.6,0.3626,0.9708,34.76,287.84,269.6,,0.0,1.0,,,,,26,4,4,"2022,2023,2024,2025",2.5,0.308,1.0,197.06,23.25,antihelion,23.4,,
46,1,355.5,357.5,41.0,232.61,-29.87,63.29,356.51,0.4239,0.9286,155.62,101.21,176.51,,0.0,1.0,,,,,32,4,4,"2023,2024,2025,2026",1.5,0.344,1.0,242.68,-10.08,south_apex,27.1,,
11,1,337.5,339.5,9.0,174.19,-41.93,45.01,338.67,0.515,0.9257,71.6,90.65,158.67,,0.0,1.0,,,,,18,4,4,"2023,2024,2025,2026",1.0,0.389,1.0,216.27,-39.47,antihelion,42.3,,
13,1,33.0,35.0,10.0,258.26,-60.77,51.52,34.02,0.5793,0.961,91.56,82.24,214.02,,0.0,1.0,,,,,40,4,4,"2023,2024,2025,2026",2.5,0.4,1.0,228.48,-37.91,south_apex,43.7,,
12,1,10.5,12.5,10.0,238.75,-46.52,58.33,11.0,0.4899,0.951,117.66,94.55,191.0,,0.0,1.0,,,,,15,4,4,"2023,2024,2025,2026",1.0,0.333,1.0,234.66,-26.09,south_apex,34.9,,
18,1,93.0,95.0,9.09,42.69,-51.66,45.77,93.84,1.0127,0.9252,79.03,350.7,273.84,,0.0,1.0,,,,,45,4,4,"2023,2024,2025,2026",3.5,0.311,1.0,277.49,-61.81,south_apex,47.2,,
11,1,331.5,333.5,9.0,168.98,-25.74,43.33,332.58,0.3108,0.9365,60.04,112.99,152.58,,0.0,1.0,,,,,24,4,4,"2023,2024,2025,2026",1.5,0.458,1.0,208.08,-27.93,antihelion,29.0,,
28,1,336.0,338.0,10.22,238.86,-34.63,70.38,337.02,0.9847,0.9641,155.59,8.96,157.02,,0.0,1.0,,,,,38,4,4,"2023,2024,2025,2026",2.0,0.368,1.0,266.49,-14.75,south_apex,3.4,,
10,1,148.5,150.5,9.0,83.78,10.31,64.44,149.29,0.5986,0.9284,151.92,278.64,329.3,,0.0,1.0,,,,,21,4,4,"2022,2023,2024,2025",3.0,0.476,1.0,294.01,-14.31,south_apex,23.2,,
13,1,88.5,90.5,10.0,354.89,-39.11,59.33,89.78,0.8002,0.9167,116.23,55.91,269.78,,0.0,1.0,,,,,26,4,4,"2023,2024,2025,2026",1.0,0.423,1.0,247.42,-33.79,south_apex,27.9,,
11,1,190.5,192.5,9.0,143.65,42.79,59.06,191.12,0.5821,0.9101,121.35,97.88,191.13,,0.0,1.0,,,,,23,4,4,"2021,2022,2024,2025",2.0,0.348,1.0,299.28,25.9,north_apex,29.5,,
13,1,189.0,191.0,10.0,41.9,-18.17,39.58,190.0,0.4206,0.9779,51.99,100.6,10.0,,0.0,1.0,,,,,28,4,4,"2021,2023,2024,2025",3.0,0.393,1.0,202.41,-33.22,antihelion,33.3,,
12,1,81.0,83.0,9.0,9.5,27.91,61.17,81.89,0.5715,0.9677,132.38,95.9,81.88,,0.0,1.0,,,,,15,4,4,"2022,2024,2025,2026",1.5,0.267,1.0,298.24,21.71,north_apex,27.6,,
11,1,240.0,242.0,9.0,114.99,71.5,44.23,240.69,0.6917,0.9492,71.7,247.38,240.7,,0.0,1.0,,,,,22,4,4,"2021,2022,2024,2025",4.0,0.318,1.0,220.07,48.69,north_toroidal,31.2,,
19,2,69.0,72.5,9.0,15.34,-59.6,48.19,70.19,1.0128,0.9034,84.63,5.03,250.18,,0.0,1.0,,,,,25,4,4,"2023,2024,2025,2026",1.5,0.52,1.0,264.99,-58.89,south_apex,44.1,,
11,1,300.0,302.0,9.0,140.0,-28.73,42.58,301.1,0.566,0.9313,64.45,83.07,121.1,,0.0,1.0,,,,,19,4,4,"2023,2024,2025,2026",1.5,0.526,1.0,212.84,-42.28,antihelion,43.9,,
14,1,229.5,231.5,11.0,31.14,-61.46,15.0,230.51,0.9791,0.6555,20.3,13.22,50.51,,0.0,1.0,,,,,79,4,4,"2021,2023,2024,2025",3.0,0.468,1.0,115.32,-61.04,antihelion,95.1,,
13,1,180.0,182.0,10.0,38.01,-27.12,38.11,180.96,0.5314,0.9414,53.6,92.44,0.96,,0.0,1.0,,,,,20,4,4,"2022,2023,2024,2025",3.0,0.45,1.0,203.73,-37.06,antihelion,37.2,,
11,1,84.0,86.0,9.0,19.32,-64.92,43.43,85.04,0.9697,0.9055,73.9,25.25,265.04,,0.0,1.0,,,,,30,4,4,"2023,2024,2025,2026",2.0,0.467,1.0,245.27,-62.04,south_apex,50.9,,
14,1,52.5,54.5,11.0,328.68,-37.77,66.03,53.16,0.9872,0.8731,139.46,18.1,233.16,,0.0,1.0,,,,,33,4,4,"2023,2024,2025,2026",1.0,0.455,1.0,263.16,-24.02,south_apex,11.1,,
13,1,84.0,86.0,11.0,356.96,5.2,68.12,85.07,0.964,0.7757,171.34,152.14,85.05,,0.0,1.0,,,,,32,4,4,"2023,2024,2025,2026",1.5,0.312,1.0,277.74,5.25,north_apex,12.4,,
30,2,19.5,23.0,17.0,259.51,-49.96,59.62,20.52,0.6066,0.9431,122.03,80.12,200.52,,0.0,1.0,,,,,41,3,3,"2024,2025,2026",0.5,0.439,1.0,242.14,-26.76,south_apex,28.6,,
11,1,322.5,324.5,9.0,268.85,-73.89,47.91,323.35,0.7829,0.9512,81.07,304.63,143.35,,0.0,1.0,,,,,14,3,3,"2024,2025,2026",0.0,0.357,1.0,306.75,-49.5,south_apex,46.4,,
11,1,321.0,323.0,9.0,139.42,-28.74,33.94,322.07,0.6836,0.9552,41.81,68.0,142.07,,0.0,1.0,,,,,16,3,3,"2024,2025,2026",0.5,0.375,1.0,189.51,-45.4,antihelion,46.4,,
15,1,72.0,74.0,16.0,344.94,-31.64,64.8,73.21,0.9408,0.8501,138.47,31.96,253.21,,0.0,1.0,,,,,18,3,3,"2024,2025,2026",0.5,0.444,1.0,259.57,-22.7,south_apex,12.5,,
10,1,285.0,287.0,9.0,205.89,-15.85,69.59,285.71,0.7992,0.876,172.68,307.83,105.61,,0.0,1.0,,,,,10,3,3,"2022,2025,2026",0.0,0.5,1.0,284.2,-4.1,south_apex,17.7,,
17,1,109.5,111.5,8.35,41.39,-18.32,60.42,110.37,0.938,0.8575,122.66,325.8,290.37,,0.0,1.0,,,,,15,3,3,"2023,2024,2025",0.0,0.533,1.0,282.16,-32.91,south_apex,21.1,,
11,1,265.5,267.5,9.0,185.25,-40.19,58.41,265.93,0.7043,0.9332,110.97,293.53,85.93,,0.0,1.0,,,,,46,3,3,"2023,2024,2025",1.0,0.391,1.0,297.18,-33.66,south_apex,31.0,,
13,1,354.0,356.0,6.11,179.07,-68.81,42.36,354.96,0.8801,0.8912,70.33,40.79,174.96,,0.0,1.0,,,,,23,3,3,"2024,2025,2026",0.5,0.565,1.0,230.56,-58.55,south_apex,53.8,,
16,1,4.5,6.5,8.35,153.88,-65.93,34.23,5.76,0.9107,0.8858,51.71,34.96,185.75,,0.0,1.0,,,,,17,3,3,"2024,2025,2026",0.0,0.588,1.0,206.38,-65.67,antihelion,65.9,,
26,2,9.0,12.5,11.0,296.83,-31.37,67.72,11.43,0.8559,0.8533,161.56,313.22,191.43,,0.0,1.0,,,,,28,3,3,"2024,2025,2026",1.0,0.429,1.0,282.14,-9.59,south_apex,13.0,,
23,1,102.0,104.0,8.64,355.04,-12.32,65.17,102.93,0.7089,0.8816,159.41,69.21,282.95,,0.0,1.0,,,,,23,3,3,"2023,2024,2025",0.5,0.609,1.0,250.46,-10.82,south_apex,19.5,,
10,1,358.5,360.5,9.0,133.86,-66.81,28.77,359.4,0.9555,0.6772,45.46,25.27,179.68,,0.0,1.0,,,,,24,3,3,"2024,2025,2026",0.5,0.458,1.0,200.51,-73.94,antihelion,73.9,,
84,3,76.5,81.5,21.0,348.85,-20.12,67.89,77.34,0.9897,0.8601,155.1,18.8,257.35,,0.0,1.0,,,,,26,3,3,"2024,2025,2026",1.0,0.385,1.0,264.76,-13.83,south_apex,5.2,,
26,1,166.5,168.5,22.0,81.99,-57.91,28.97,167.64,1.0043,0.6845,48.5,7.95,347.64,,0.0,1.0,,,,,53,3,3,"2023,2024,2025",0.0,0.547,1.0,248.23,-80.35,south_apex,67.0,,
83,4,22.5,29.0,23.0,347.95,-75.4,46.04,26.28,0.999,0.9206,79.71,346.75,206.28,,0.0,1.0,,,,,38,3,3,"2024,2025,2026",0.5,0.447,1.0,278.85,-60.99,south_apex,46.5,,
11,1,36.0,38.0,9.0,12.48,-62.83,46.53,36.98,0.9504,0.9187,79.36,331.82,216.97,,0.0,1.0,,,,,19,3,3,"2024,2025,2026",0.0,0.526,1.0,292.87,-58.87,south_apex,47.5,,
22,1,357.0,359.0,24.0,266.55,-47.51,66.52,358.24,0.9928,0.9114,138.93,11.04,178.24,,0.0,1.0,,,,,56,3,3,"2024,2025,2026",0.5,0.429,1.0,268.23,-24.76,south_apex,9.9,,
12,1,292.5,294.5,5.37,211.14,-42.87,62.26,293.53,0.7552,0.8987,125.32,300.45,113.53,,0.0,1.0,,,,,14,3,3,"2024,2025,2026",0.5,0.5,1.0,291.01,-27.88,south_apex,23.4,,
49,3,67.5,71.0,24.0,335.43,-30.85,65.33,68.52,0.8924,0.8751,144.62,42.58,248.53,,0.0,1.0,,,,,22,3,3,"2023,2024,2025",0.5,0.455,1.0,257.81,-19.52,south_apex,12.5,,
11,1,66.0,68.0,9.0,323.49,-55.69,54.79,67.06,0.7091,0.9496,101.95,69.01,247.06,,0.0,1.0,,,,,26,3,3,"2024,2025,2026",0.5,0.385,1.0,238.5,-37.4,south_apex,36.1,,
10,1,81.0,83.0,9.0,7.86,-43.45,58.25,82.06,1.0014,0.9437,110.15,13.92,262.06,,0.0,1.0,,,,,16,3,3,"2024,2025,2026",0.5,0.5,1.0,263.17,-40.29,south_apex,26.0,,
11,1,150.0,152.0,9.0,73.36,18.03,69.58,150.88,0.8635,0.9683,171.85,315.1,330.84,,0.0,1.0,,,,,13,3,3,"2022,2023,2025",1.0,0.615,1.0,282.58,-4.36,south_apex,16.3,,
240,9,343.5,357.5,32.0,177.11,-48.62,43.8,345.92,0.6296,0.9369,69.04,75.04,165.92,,0.0,1.0,,,,,19,3,3,"2024,2025,2026",0.0,0.474,1.0,217.28,-45.49,antihelion,48.2,,
12,1,171.0,173.0,9.0,154.46,-64.06,17.76,171.86,0.9724,0.6407,25.51,336.89,351.85,,0.0,1.0,,,,,74,3,3,"2023,2024,2025",0.0,0.527,1.0,37.5,-66.93,helion,82.3,,
12,1,354.0,356.0,9.0,171.64,-50.43,37.48,355.07,0.6909,0.9535,55.5,67.53,175.07,,0.0,1.0,,,,,20,3,3,"2024,2025,2026",0.0,0.4,1.0,204.29,-48.65,antihelion,48.8,,
13,1,19.5,21.5,10.0,343.95,-70.21,48.19,20.61,0.9566,0.9447,83.5,335.41,200.61,,0.0,1.0,,,,,15,3,3,"2024,2025,2026",0.5,0.4,1.0,287.86,-56.87,south_apex,44.3,,
15,1,112.5,114.5,9.09,8.82,-18.45,62.41,113.42,0.6701,0.9478,139.4,72.24,293.42,,0.0,1.0,,,,,28,3,3,"2023,2024,2025",1.0,0.393,1.0,248.71,-20.57,south_apex,21.0,,
16,1,234.0,236.0,14.0,58.72,-54.51,19.4,235.21,0.9649,0.6732,28.47,19.95,55.22,,0.0,1.0,,,,,46,3,3,"2023,2024,2025",0.0,0.435,1.0,145.37,-71.54,antihelion,84.2,,
10,1,111.0,113.0,8.0,340.83,-49.63,40.6,112.32,0.4941,0.8894,60.68,95.95,292.32,,0.0,1.0,,,,,15,3,3,"2023,2024,2025",0.0,0.533,1.0,208.25,-37.69,antihelion,38.5,,
14,1,175.5,177.5,11.0,175.13,-65.96,15.34,176.32,0.9809,0.6432,20.38,340.57,356.32,,0.0,1.0,,,,,45,3,3,"2023,2024,2025",1.0,0.6,1.0,43.62,-60.97,helion,82.0,,
10,1,87.0,89.0,8.0,356.41,-5.44,67.48,87.31,0.9996,0.7128,173.72,16.13,267.35,,0.0,1.0,,,,,8,3,3,"2024,2025,2026",0.0,0.5,1.0,265.97,-2.37,south_apex,13.2,,
14,1,70.5,72.5,11.0,341.12,-39.08,62.59,71.09,0.8903,0.8853,128.54,42.65,251.1,,0.0,1.0,,,,,26,3,3,"2024,2025,2026",0.5,0.346,1.0,254.91,-28.59,south_apex,19.5,,
10,1,112.5,114.5,8.0,23.76,11.15,69.94,113.79,1.0108,0.906,177.18,175.3,114.14,,0.0,1.0,,,,,18,3,3,"2023,2024,2025",1.0,0.333,1.0,271.68,1.53,north_apex,13.6,,
13,1,18.0,20.0,11.0,261.28,-57.83,59.04,18.91,0.7514,0.9167,113.31,61.15,198.91,,0.0,1.0,,,,,32,3,3,"2024,2025,2026",0.0,0.406,1.0,245.34,-34.24,south_apex,29.5,,
12,1,186.0,188.0,12.0,99.15,-45.75,37.81,186.83,0.9986,0.7034,65.23,350.68,6.83,,0.0,1.0,,,,,17,3,3,"2023,2024,2025",0.0,0.471,1.0,282.73,-68.45,south_apex,54.3,,
10,1,40.5,42.5,8.0,27.88,-68.2,41.61,41.62,0.9941,0.9104,69.89,346.37,221.62,,0.0,1.0,,,,,17,3,3,"2024,2025,2026",0.0,0.353,1.0,285.65,-67.4,south_apex,53.7,,
11,1,19.5,21.5,9.0,338.69,-77.42,46.31,20.4,0.9985,0.9142,80.53,351.72,200.4,,0.0,1.0,,,,,21,3,3,"2024,2025,2026",0.0,0.524,1.0,274.84,-60.96,south_apex,46.1,,
19,2,345.0,348.5,8.0,232.7,-79.27,49.68,347.82,0.9921,0.9232,85.66,353.04,167.82,,0.0,1.0,,,,,29,3,3,"2024,2025,2026",0.0,0.448,1.0,272.59,-56.41,south_apex,41.5,,
10,1,201.0,203.0,8.0,102.38,-27.2,53.07,202.26,0.9876,0.8839,95.47,11.51,22.26,,0.0,1.0,,,,,15,3,3,"2023,2024,2025",1.0,0.533,1.0,265.14,-50.06,south_apex,35.3,,
15,1,79.5,81.5,12.0,349.59,-69.64,43.5,80.26,0.8735,0.9254,72.79,45.3,260.26,,0.0,1.0,,,,,36,3,3,"2023,2024,2026",0.5,0.556,1.0,229.81,-57.57,south_apex,53.5,,
13,1,102.0,104.0,11.0,355.24,-24.57,61.32,103.26,0.5793,0.9564,135.45,86.47,283.26,,0.0,1.0,,,,,27,3,3,"2022,2024,2025",0.0,0.481,1.0,241.42,-20.27,south_apex,27.7,,
16,1,70.5,72.5,11.33,344.42,-11.39,69.12,71.39,1.0137,0.832,172.2,12.67,251.41,,0.0,1.0,,,,,16,3,3,"2024,2025,2026",1.0,0.438,1.0,265.94,-4.08,south_apex,11.6,,
22,1,358.5,360.5,11.33,210.4,-67.15,49.8,359.15,0.8572,0.9228,85.87,44.8,179.4,,0.0,1.0,,,,,18,3,3,"2024,2025,2026",0.0,0.444,1.0,241.58,-49.6,south_apex,42.1,,
10,1,355.5,357.5,8.0,234.16,-1.11,60.85,356.26,0.3806,0.9532,134.19,285.31,356.25,,0.0,1.0,,,,,58,6,3,"2023,2024,2026",1.73,0.448,1.0,236.1,17.72,north_apex,32.6,,
29,1,193.5,195.5,11.28,81.95,-61.21,26.68,194.48,0.9938,0.6728,44.13,12.29,14.48,,0.0,1.0,,,,,51,3,3,"2023,2024,2025",0.0,0.412,0.922,220.22,-83.16,south_apex,75.6,,
10,1,93.0,95.0,8.0,11.44,-12.18,67.17,93.99,1.0142,0.8137,152.78,352.57,274.0,,0.0,1.0,,,,,24,3,3,"2024,2025,2026",1.0,0.375,1.0,271.76,-15.21,south_apex,1.7,,
10,1,13.5,15.5,8.0,280.95,-57.69,60.24,13.82,0.9794,0.7706,119.98,17.73,193.82,,0.0,1.0,,,,,26,3,3,"2024,2025,2026",0.0,0.5,1.0,262.83,-34.6,south_apex,20.7,,
28,1,355.5,357.5,10.22,244.42,-32.03,67.27,356.22,0.7293,0.8766,158.98,65.11,176.23,,0.0,1.0,,,,,35,3,3,"2024,2025,2026",1.0,0.486,1.0,252.41,-10.58,south_apex,17.7,,
13,1,73.5,75.5,13.57,19.05,-53.06,50.27,75.01,1.0126,0.9405,88.74,349.73,255.0,,0.0,1.0,,,,,13,3,3,"2024,2025,2026",0.0,0.462,1.0,276.39,-55.47,south_apex,40.8,,
14,1,0.0,2.0,6.86,277.8,-13.95,69.55,1.08,0.9524,0.881,163.67,155.23,1.07,,0.0,1.0,,,,,10,3,3,"2021,2025,2026",0.5,0.4,1.0,96.34,9.03,antihelion,103.7,,
10,1,43.5,45.5,8.0,150.92,-49.42,15.4,44.84,0.9763,0.6354,19.77,23.44,224.83,,0.0,1.0,,,,,110,3,3,"2024,2025,2026",1.0,0.373,1.0,136.2,-55.96,antihelion,79.4,,
35,2,7.5,11.0,9.7,297.37,-43.1,66.16,8.09,0.8727,0.9123,141.26,318.32,188.09,,0.0,1.0,,,,,25,3,3,"2024,2025,2026",1.0,0.4,1.0,282.97,-21.5,south_apex,13.9,,
14,1,52.5,54.5,11.0,323.17,38.14,51.36,53.55,0.9194,0.9206,93.53,144.08,53.55,,0.0,1.0,,,,,24,3,3,"2023,2025,2026",1.0,0.417,1.0,290.06,49.36,north_toroidal,15.7,,
10,1,97.5,99.5,8.0,340.71,-30.32,55.58,98.73,0.2946,0.9257,121.52,116.47,278.73,,0.0,1.0,,,,,27,3,3,"2024,2025,2026",0.0,0.444,1.0,231.69,-20.12,south_apex,36.9,,
13,1,64.5,66.5,10.0,349.2,-12.19,68.67,65.67,0.9149,0.8917,168.02,322.45,245.68,,0.0,1.0,,,,,12,3,3,"2024,2025,2026",0.5,0.5,1.0,280.11,-5.14,south_apex,14.0,,
13,1,88.5,90.5,10.0,348.06,-18.61,67.08,89.74,0.7636,0.9858,156.9,60.62,269.76,,0.0,1.0,,,,,29,3,3,"2023,2025,2026",1.0,0.448,1.0,251.18,-12.08,south_apex,18.5,,
25,1,64.5,66.5,13.57,299.81,9.62,57.34,65.37,0.5649,0.9383,115.43,265.73,65.37,,0.0,1.0,,,,,33,7,3,"2020,2021,2026",0.28,0.394,1.0,236.43,28.45,north_apex,34.0,,
11,1,343.5,345.5,10.0,242.78,-65.62,57.46,344.15,0.9899,0.8472,105.27,350.43,164.15,,0.0,1.0,,,,,13,3,3,"2024,2025,2026",0.0,0.538,1.0,274.85,-43.45,south_apex,28.8,,
10,1,99.0,101.0,8.0,43.89,-43.06,48.66,99.93,1.0005,0.8997,86.61,345.25,279.93,,0.0,1.0,,,,,34,3,3,"2023,2024,2025",0.0,0.588,0.912,279.65,-54.42,south_apex,40.2,,
23,1,345.0,347.0,7.59,260.38,-58.66,60.02,345.94,0.9504,0.8748,117.93,335.04,165.94,,0.0,1.0,,,,,24,3,3,"2024,2025,2026",0.0,0.625,1.0,278.89,-35.6,south_apex,22.1,,
25,2,91.5,95.0,13.0,3.17,-15.13,67.39,92.98,0.9727,0.8574,154.63,25.42,272.98,,0.0,1.0,,,,,31,3,3,"2023,2025,2026",1.0,0.452,1.0,262.18,-14.22,south_apex,7.6,,
10,1,310.5,312.5,8.0,270.94,22.89,43.96,311.14,0.6417,0.9165,70.7,105.01,311.14,,0.0,1.0,,,,,11,3,3,"2023,2025,2026",1.0,0.273,1.0,320.41,46.2,north_toroidal,33.3,,
13,1,187.5,189.5,10.0,71.37,-50.3,35.42,188.29,0.9581,0.9218,56.48,24.59,8.29,,0.0,1.0,,,,,22,3,3,"2023,2024,2025",1.0,0.545,1.0,221.81,-71.11,south_apex,66.2,,
13,1,183.0,185.0,10.0,36.91,-21.78,38.0,184.07,0.453,0.9687,49.22,97.19,4.07,,0.0,1.0,,,,,24,3,3,"2022,2024,2025",1.0,0.5,1.0,202.94,-34.34,antihelion,34.5,,
17,1,319.5,321.5,13.0,152.66,-42.37,42.08,319.91,0.6848,0.9324,67.7,67.54,139.91,,0.0,1.0,,,,,25,3,3,"2024,2025,2026",1.0,0.32,1.0,217.06,-47.5,antihelion,50.0,,
15,1,108.0,110.0,12.0,57.72,-47.64,42.52,108.61,1.0078,0.9023,73.71,346.92,288.61,,0.0,1.0,,,,,45,3,3,"2023,2024,2025",1.0,0.667,0.733,283.97,-64.25,south_apex,50.4,,
