n_members,n_windows,sol_lon_min,sol_lon_max,best_z,ra,dec,vgeo,sol_lon,q,e,i,peri,node,gmn_code,gmn_code_fraction,sporadic_fraction,iau_established,iau_established_sep,iau_working,iau_working_sep
2936,4,28.5,35.0,1334.0,272.27,33.29,46.78,32.43,0.92,0.9573,79.59,214.26,32.43,LYR,0.98,0.02,LYR,0.08,,
12326,7,255.0,266.0,584.47,113.44,32.33,33.9,261.96,0.1453,0.8894,23.02,324.16,261.96,GEM,0.974,0.024,GEM,0.06,,
4334,6,280.5,290.0,550.31,229.49,49.4,40.61,283.01,0.979,0.6424,71.24,171.41,283.01,QUA,0.959,0.041,QUA,0.34,BBO,3.24
5057,17,118.5,137.0,548.0,337.91,-16.87,40.99,124.15,0.0682,0.9725,27.91,153.21,304.14,SDA,1.0,0.0,SDA,1.7,,
1975,10,229.5,242.0,366.12,154.49,21.59,70.11,236.31,0.9851,0.8608,162.18,173.08,236.31,LEO,1.0,0.0,LEO,0.21,,
9704,19,34.5,62.0,308.74,338.1,-0.79,65.54,46.02,0.578,0.9443,163.47,96.89,46.01,ETA,1.0,0.0,ETA,0.01,MKQ,4.11
4687,20,108.0,137.0,255.06,306.39,-8.86,21.9,128.48,0.6069,0.7563,7.25,266.07,128.51,CAP,0.925,0.012,CAP,0.36,XCS,3.13
634,3,66.0,71.0,240.9,209.01,28.07,11.45,69.44,0.9909,0.6439,10.59,199.58,69.47,TAH,0.904,0.096,,,,
402,3,48.0,53.0,189.0,290.58,43.65,44.09,50.3,0.9988,0.9639,74.47,192.19,50.31,ELY,0.992,0.008,ELY,0.22,,
277,2,268.5,272.0,187.0,219.36,75.77,33.07,270.3,0.9393,0.8221,52.62,205.9,270.3,URS,1.0,0.0,URS,0.25,,
1135,10,253.5,267.5,187.0,99.03,8.42,41.84,256.02,0.1749,0.9835,36.75,131.2,76.02,MON,0.966,0.034,MON,1.08,CMI,6.92
8583,16,199.5,219.5,185.51,96.04,15.72,65.73,209.29,0.5578,0.9259,163.77,85.14,29.29,ORI,1.0,0.0,ORI,0.14,XGM,3.13
9275,10,132.0,144.5,147.59,46.33,57.65,59.02,139.33,0.9534,0.9351,113.17,151.33,139.33,PER,1.0,0.0,PER,0.47,,
16,1,123.0,125.0,115.0,338.1,-16.62,41.8,123.6,0.0599,0.9778,29.59,154.64,303.59,SDA,1.0,0.0,SDA,1.45,,
436,7,34.5,45.5,115.0,203.32,-11.01,18.8,38.49,0.7465,0.7445,0.69,67.34,218.09,HVI,0.917,0.083,HVI,0.2,,
258,4,295.5,302.0,110.0,169.67,32.46,41.4,299.12,0.2194,0.8605,67.55,312.83,299.12,XUM,1.0,0.0,XUM,0.35,,
154,2,124.5,128.0,106.0,279.95,50.5,27.48,125.5,0.9778,0.972,40.2,202.33,125.51,GDR,1.0,0.0,GDR,0.03,,
8451,22,211.5,243.5,81.89,57.94,22.66,28.16,229.04,0.3603,0.8329,2.82,293.65,229.01,ATU,0.725,0.001,NTA,1.22,NET,0.14
205,4,297.0,303.5,69.0,228.38,67.61,29.33,299.55,0.9514,0.6511,47.96,203.67,299.55,GUM,1.0,0.0,GUM,0.24,,
92,2,190.5,194.0,67.0,167.95,78.53,46.06,192.6,0.9909,0.9605,78.06,169.03,192.6,OCT,1.0,0.0,OCT,0.07,OSD,7.95
1265,9,160.5,174.5,65.25,47.61,39.48,64.27,167.27,0.7144,0.959,139.03,246.01,167.27,SPE,0.954,0.046,SPE,0.3,PIE,3.31
22,1,129.0,131.0,65.0,342.03,-15.26,40.8,129.35,0.0766,0.9717,26.16,151.09,309.34,SDA,1.0,0.0,SDA,0.37,AOA,6.31
280,7,102.0,113.0,62.0,345.78,10.26,64.11,106.03,0.5932,0.9573,148.15,261.92,106.02,JPE,1.0,0.0,JPE,1.42,FPE,1.33
150,1,93.0,95.0,61.35,331.56,29.12,58.85,93.95,0.8988,0.9733,112.72,220.08,93.95,JIP,1.0,0.0,JIP,0.09,,
15,1,120.0,122.0,61.0,336.34,-17.07,42.18,121.37,0.0523,0.9796,31.24,156.47,301.36,SDA,1.0,0.0,SDA,2.54,,
167,2,82.5,86.0,59.78,320.33,44.23,49.83,83.73,1.0061,0.9344,88.24,191.19,83.73,JRC,1.0,0.0,JRC,0.18,SCY,5.79
8250,21,213.0,243.5,59.41,52.75,14.39,28.81,221.45,0.3437,0.8417,5.38,115.36,41.46,STS,0.484,0.003,STA,1.09,STS,1.02
98,2,193.5,197.0,57.0,262.69,55.87,20.41,195.07,0.9963,0.6844,31.23,173.18,195.07,DRA,1.0,0.0,DRA,0.07,,
260,7,349.5,360.5,57.0,253.63,49.06,34.44,350.49,0.9774,0.637,58.82,196.67,350.49,XHE,0.944,0.056,XHE,0.05,SSH,5.4
401,7,13.5,24.5,56.05,198.84,3.83,20.18,23.6,0.6954,0.7301,6.77,254.16,23.63,AVB,0.979,0.021,AVB,2.27,SLE,0.69
391,6,25.5,35.0,55.31,201.5,4.32,19.39,27.83,0.7244,0.7242,7.11,250.36,27.86,AVB,0.979,0.021,AVB,0.45,SLE,0.88
172,6,0.0,360.5,52.0,70.04,-78.07,36.33,0.75,0.9911,0.9601,57.97,351.86,180.75,DME,0.877,0.123,,,DME,1.35
1136,5,253.5,260.0,49.12,126.19,2.39,58.64,257.46,0.2465,0.9851,128.33,120.75,77.46,HYD,0.995,0.005,HYD,0.4,,
81,1,201.0,203.0,47.85,144.01,64.27,55.74,202.02,0.9806,0.9462,101.35,164.92,202.02,OCU,1.0,0.0,OCU,0.4,,
91,2,7.5,11.0,41.14,307.91,-60.34,58.65,9.89,0.9288,0.9545,110.28,328.88,189.89,DPA,1.0,0.0,,,DPA,0.69
65,3,12.0,17.0,41.0,275.46,54.11,36.23,15.04,1.0001,0.9434,58.41,178.7,15.04,GAD,0.863,0.137,,,GAD,0.28
122,3,88.5,93.5,39.65,10.1,5.48,69.49,90.91,0.9137,0.9367,178.13,142.53,90.78,DPI,0.986,0.014,,,DPI,0.1
75,2,24.0,27.5,38.16,242.15,13.93,45.35,25.05,0.4295,0.9856,68.6,278.63,25.05,PSR,1.0,0.0,KSE,3.43,PSR,0.06
85,4,99.0,105.5,37.0,28.88,6.56,68.61,103.19,0.8077,0.9721,170.69,306.09,283.23,JXA,0.978,0.022,JXA,6.61,,
114,5,205.5,212.0,37.0,160.25,36.71,61.71,209.17,0.6188,0.9716,124.91,103.17,209.17,LMI,1.0,0.0,LMI,0.12,,
287,7,165.0,176.0,37.0,116.3,56.13,58.31,171.86,0.7493,0.9287,113.0,117.98,171.86,SLY,0.936,0.064,,,UYL,2.57
90,3,76.5,81.5,37.0,338.39,20.61,65.13,78.81,1.0151,0.9634,133.48,180.55,78.8,GDE,1.0,0.0,,,GDE,0.38
204,2,81.0,84.5,36.0,314.85,33.32,52.79,82.36,0.9179,0.9544,95.45,216.6,82.36,JEC,0.986,0.014,,,JEC,0.22
776,4,262.5,269.0,35.73,161.16,30.71,63.2,267.92,0.5584,0.9624,134.44,263.06,267.92,COM,1.0,0.0,COM,1.53,DLM,0.36
65,3,15.0,20.0,35.0,203.15,-14.31,28.63,17.39,0.3943,0.8371,4.98,109.32,197.35,OAV,1.0,0.0,,,OAV,0.38
36,1,79.5,81.5,35.0,304.64,-33.0,35.88,80.81,0.0735,0.9271,47.84,158.19,260.8,,0.0,1.0,SZC,0.21,JTT,0.22
77,2,238.5,242.0,35.0,25.23,39.41,16.34,239.57,0.8356,0.721,11.66,230.59,239.57,AND,0.854,0.146,AND,6.56,,
263,5,306.0,314.0,35.0,231.39,28.18,57.4,307.48,0.9839,0.9352,104.3,176.54,307.48,ACB,0.943,0.057,ACB,0.55,RSE,4.4
160,3,300.0,305.0,31.0,199.43,-38.35,64.52,301.28,0.9805,0.7915,131.71,352.44,121.29,ICN,1.0,0.0,,,ICN,0.64
108,5,73.5,81.5,31.0,45.22,24.5,41.66,78.99,0.0655,0.9763,29.6,26.6,79.0,ARI,1.0,0.0,ARI,0.69,JEA,2.53
82,2,288.0,291.5,30.71,228.34,45.46,47.66,289.07,0.9815,0.9287,81.38,174.61,289.07,BBO,0.647,0.353,QUA,3.73,BBO,0.7
75,2,313.5,317.0,29.96,239.89,61.98,35.37,315.12,0.9711,0.9667,55.23,194.14,315.12,FED,1.0,0.0,FED,0.14,,
84,3,340.5,345.5,29.96,216.39,24.29,49.71,343.27,0.4916,0.9842,82.89,270.71,343.28,TSB,0.981,0.019,,,TSB,0.1
106,4,322.5,329.0,29.0,196.23,-56.28,55.14,325.99,0.9259,0.8548,100.98,29.87,145.99,,0.0,1.0,,,GCR,2.04
68,2,70.5,74.0,29.0,355.78,47.05,50.38,72.42,0.7165,0.9762,89.26,114.16,72.42,PAN,1.0,0.0,,,PAN,0.36
211,8,222.0,234.5,29.0,22.68,34.51,16.99,233.33,0.8128,0.7449,10.66,234.46,233.32,AND,0.806,0.194,AND,1.29,,
13,1,127.5,129.5,28.0,340.25,-16.87,39.59,128.29,0.0954,0.962,25.24,148.04,308.28,SDA,1.0,0.0,SDA,0.17,SIA,6.46
1535,17,78.0,102.5,27.2,8.42,20.82,66.51,92.56,0.8655,0.8927,151.55,133.3,92.55,PPS,0.789,0.211,PPS,4.33,,
283,4,330.0,336.5,26.53,238.75,-46.09,66.69,334.7,0.9864,0.9283,136.82,353.39,154.7,DNO,0.974,0.026,,,DNO,0.19
45,1,157.5,159.5,26.24,91.36,39.06,65.57,158.59,0.6695,0.9681,148.5,108.23,158.59,AUR,1.0,0.0,AUR,0.35,TAG,4.85
32,1,222.0,224.0,26.0,144.21,45.79,65.42,222.83,0.9877,0.9829,129.47,187.23,222.83,KUM,1.0,0.0,KUM,1.08,,
153,5,34.5,42.5,26.0,205.52,5.25,17.94,35.65,0.7758,0.7103,7.85,243.72,35.67,AVB,0.969,0.031,AVB,3.09,SLE,4.83
431,8,309.0,321.5,26.0,203.07,-56.28,57.74,309.93,0.9727,0.8973,107.21,346.93,129.93,ACE,0.758,0.242,,,ACE,4.63
33,1,351.0,353.0,26.0,64.68,-77.76,30.58,352.15,0.9795,0.6571,51.11,344.33,172.15,BTU,0.848,0.152,,,BTU,0.66
70,3,16.5,21.5,26.0,306.86,11.54,61.17,19.21,0.7334,0.9806,121.98,117.26,19.21,AED,1.0,0.0,,,AED,0.25
523,9,96.0,107.0,25.27,315.26,-27.8,39.69,101.67,0.0998,0.9567,33.14,147.61,281.67,SZC,0.976,0.024,SZC,2.25,MIC,3.36
30,1,255.0,257.0,25.0,96.74,13.95,41.17,255.97,0.1599,0.9927,22.75,132.75,75.97,NOO,0.367,0.633,NOO,4.26,CMI,5.51
38,2,160.5,164.0,25.0,46.0,-6.25,60.36,163.12,0.501,0.9822,127.74,91.07,343.12,,0.0,1.0,,,SZE,2.86
29,1,142.5,144.5,23.0,325.28,-11.53,23.89,143.69,0.5508,0.8112,1.82,270.91,143.81,ADC,0.862,0.138,,,ADC,0.03
10,1,124.5,126.5,23.0,339.06,-15.67,40.88,125.6,0.0645,0.973,25.97,154.02,305.59,SDA,1.0,0.0,SDA,0.78,,
422,7,280.5,291.5,22.64,125.77,-7.85,43.96,281.68,0.2829,0.9712,59.22,116.68,101.69,AHY,0.863,0.068,AHY,0.14,,
31,1,72.0,74.0,22.51,273.54,-26.41,36.01,72.59,0.1756,0.9347,6.38,135.9,252.55,LSA,0.968,0.032,,,LSA,1.14
231,7,283.5,294.5,21.76,98.44,-32.47,25.44,284.65,0.8385,0.8132,34.44,47.47,104.65,PIP,0.718,0.282,,,LCM,0.97
3389,10,190.5,204.5,21.48,33.35,8.82,28.97,197.6,0.2887,0.834,5.87,124.32,17.59,SOA,0.55,0.007,STA,2.47,SOA,0.55
39,2,94.5,98.0,21.0,345.19,11.3,66.88,96.08,0.8448,0.9509,150.32,229.34,96.08,FPE,1.0,0.0,JPE,1.99,FPE,0.13
51,2,72.0,75.5,21.0,297.98,66.44,34.61,73.97,1.0077,0.9644,55.26,170.54,73.97,JRD,0.923,0.077,,,JRD,0.18
145,5,1.5,9.5,21.0,194.12,25.35,26.64,8.4,0.6926,0.9507,21.7,248.19,8.4,BCO,0.808,0.192,,,BCO,0.45
60,3,0.0,360.5,21.0,260.86,-16.62,70.83,358.36,0.9526,0.9459,168.64,204.38,358.35,EOP,1.0,0.0,,,EOP,0.54
453,7,96.0,107.0,20.8,21.5,44.42,57.75,100.06,0.6918,0.9503,113.74,110.1,100.06,CAN,0.909,0.091,FAN,2.29,UAN,2.28
25,1,43.5,45.5,20.0,209.94,6.56,16.25,44.23,0.8281,0.6932,8.35,235.71,44.25,AVB,0.72,0.28,,,,
20,1,189.0,191.0,20.0,156.96,-3.6,32.46,189.96,0.1464,0.866,25.8,213.11,9.96,DSX,1.0,0.0,DSX,0.96,,
10,1,337.5,339.5,19.0,191.89,-2.84,40.88,338.65,0.0337,0.9767,9.62,342.16,338.65,FGV,1.0,0.0,,,FGV,0.81
24,1,219.0,221.0,19.0,104.05,15.71,64.14,219.51,0.4649,0.9044,163.82,96.84,39.51,ORI,1.0,0.0,ORI,6.79,,
13,1,120.0,122.0,18.78,334.81,-17.7,40.47,121.65,0.0715,0.9699,25.23,152.59,301.64,SDA,1.0,0.0,SDA,1.65,,
44,2,145.5,149.0,18.04,274.25,60.76,22.2,146.46,1.0075,0.6473,35.64,188.59,146.46,AUD,1.0,0.0,AUD,2.26,,
65,4,178.5,185.0,18.0,59.01,-63.57,23.86,183.43,0.9729,0.6883,37.57,21.86,3.42,M25S2,1.0,0.0,,,,
137,3,255.0,258.5,18.0,140.62,-51.09,41.57,257.73,0.9825,0.5808,74.59,353.47,77.73,EVE,0.81,0.19,,,LVL,4.78
35,2,286.5,290.0,18.0,138.05,8.22,46.28,288.81,0.0539,0.9937,37.52,153.4,108.81,KCA,0.952,0.0,,,OLS,0.7
30,1,12.0,14.0,17.29,297.2,41.08,42.52,13.19,0.9181,0.8655,72.03,145.84,13.19,ZCY,0.867,0.133,,,ZCY,0.78
53,2,94.5,98.0,17.29,215.06,55.69,14.01,97.13,1.0146,0.6236,19.83,174.08,97.14,,0.0,1.0,JBO,7.73,,
68,4,216.0,222.5,17.0,20.09,26.86,18.51,221.53,0.7471,0.7574,9.18,244.76,221.53,AND,0.857,0.143,AND,1.26,,
22,1,70.5,72.5,17.0,327.6,38.35,54.18,71.29,0.9997,0.9062,100.2,165.98,71.29,,0.0,1.0,,,MCY,7.3
22,1,235.5,237.5,17.0,154.52,21.51,67.29,236.45,0.9841,0.6107,161.71,171.31,236.45,LEO,1.0,0.0,LEO,0.13,,
38,2,19.5,23.0,17.0,202.68,-15.07,26.49,20.82,0.4603,0.8032,4.99,101.99,200.79,OAV,1.0,0.0,,,OAV,0.84
22,1,264.0,266.0,17.0,192.62,-11.28,68.68,265.17,0.6443,0.9731,168.96,287.78,85.16,XVI,1.0,0.0,XVI,1.43,,
84,3,6.0,11.0,17.0,207.25,-19.15,29.87,9.68,0.2213,0.8273,11.66,135.92,189.67,,0.0,1.0,,,OAV,5.85
1596,12,91.5,108.5,16.75,311.64,-4.78,38.78,102.92,0.1112,0.94,38.46,327.17,102.92,NZC,0.789,0.0,NZC,1.24,FAQ,7.07
30,1,358.5,360.5,16.55,187.25,23.08,27.61,358.9,0.6151,0.9439,20.53,257.39,358.9,BCO,0.5,0.5,,,BCO,6.6
13,1,295.5,297.5,16.0,168.28,33.38,40.64,296.79,0.2204,0.8449,67.38,314.25,296.79,XUM,1.0,0.0,XUM,0.52,,
20,1,328.5,330.5,16.0,74.21,-52.87,17.32,329.41,0.987,0.6457,25.37,354.09,149.41,M26E1,0.5,0.5,,,,
73,3,10.5,15.5,16.0,200.17,25.35,26.28,14.73,0.7163,0.9579,22.78,245.07,14.73,BCO,0.95,0.05,,,BCO,3.63
52,3,352.5,357.5,16.0,259.34,-16.4,71.08,356.55,0.9576,0.9597,168.46,202.45,356.54,EOP,1.0,0.0,,,EOP,0.92
28,1,103.5,105.5,15.8,16.92,25.64,66.6,104.01,0.911,0.8946,149.57,141.22,104.0,PPS,1.0,0.0,PPS,0.64,UPI,3.75
806,10,303.0,318.5,15.58,176.09,-34.0,58.7,308.5,0.6796,0.9049,113.69,69.94,128.5,OHY,0.819,0.181,OHY,0.2,,
85,4,31.5,36.5,15.5,224.36,-11.31,29.63,33.82,0.3576,0.8489,6.53,293.93,33.86,DLI,1.0,0.0,,,DLI,1.07
171,4,60.0,66.5,15.06,242.72,-10.4,24.84,61.17,0.5436,0.8019,9.15,272.51,61.2,MPS,0.964,0.036,,,MPS,0.97
50,2,339.0,342.5,15.06,293.31,47.97,30.67,339.92,0.9055,0.7565,48.95,143.34,339.92,MOC,0.375,0.625,,,FDC,1.34
28,1,52.5,54.5,15.06,213.73,10.21,14.78,53.27,0.8822,0.6709,9.16,226.93,53.29,,0.0,1.0,,,,
69,3,301.5,306.5,15.0,192.02,-17.46,67.57,302.32,0.8038,0.8248,158.78,53.41,122.32,ECV,1.0,0.0,ECV,0.64,SOV,7.47
25,2,93.0,96.5,15.0,319.54,49.53,46.64,95.69,0.9935,0.9603,80.68,197.56,95.69,SCY,1.0,0.0,JRC,5.2,SCY,0.47
38,2,306.0,309.5,15.0,206.54,-41.38,64.66,307.35,0.9765,0.8162,131.73,348.99,127.35,,0.0,1.0,,,ICN,6.27
19,1,3.0,5.0,15.0,264.96,-16.73,70.69,3.91,0.9349,0.9471,168.34,209.45,3.9,EOP,1.0,0.0,,,EOP,1.74
46,3,301.5,306.5,15.0,156.18,34.1,40.47,304.19,0.2925,0.9794,41.81,295.29,304.19,,0.0,1.0,,,RLM,3.83
19,1,325.5,327.5,15.0,179.85,-24.08,54.55,326.56,0.2421,0.9916,102.93,121.08,146.56,,0.0,1.0,,,FAC,0.48
19,1,70.5,72.5,15.0,203.08,7.5,11.81,71.54,0.9805,0.7566,4.75,202.43,71.59,M25L2,0.895,0.105,,,,
26,1,24.0,26.0,14.31,247.2,17.54,46.76,25.22,0.5251,0.9851,74.76,268.1,25.22,KSE,1.0,0.0,KSE,0.68,ABH,5.94
26,1,355.5,357.5,14.31,184.97,24.11,28.09,357.01,0.6157,0.9448,20.12,257.29,357.01,BCO,0.538,0.462,,,,
82,3,69.0,74.0,14.31,222.22,28.4,13.14,71.34,0.9716,0.6444,14.09,206.5,71.36,,0.0,1.0,,,,
79,2,337.5,341.0,14.09,244.45,59.58,28.64,338.41,0.9716,0.6496,47.15,198.04,338.41,ETD,0.526,0.474,,,ETD,0.58
18,1,351.0,353.0,14.0,182.47,23.24,29.15,351.97,0.5838,0.9582,20.42,260.89,351.98,BCO,0.167,0.833,,,,
36,3,318.0,323.0,14.0,205.12,-3.11,66.77,320.13,0.516,0.9759,164.93,268.31,320.13,,0.0,1.0,,,,
18,1,219.0,221.0,14.0,104.24,15.72,64.96,220.26,0.4796,0.9423,163.97,93.8,40.26,ORI,1.0,0.0,ORI,6.97,LGM,3.03
18,1,358.5,360.5,14.0,192.06,-45.44,44.62,359.34,0.4652,0.9842,67.9,94.32,179.46,,0.0,1.0,,,,
53,3,51.0,56.0,14.0,302.13,-33.65,64.81,53.51,0.554,0.9794,151.36,85.41,233.52,OMC,1.0,0.0,,,TTS,1.15
30,2,96.0,99.5,14.0,252.24,54.28,23.73,97.11,1.0075,0.953,34.14,190.9,97.12,ODR,0.944,0.056,,,JMD,0.53
16,1,93.0,95.0,14.0,254.74,54.77,25.24,93.61,1.0054,0.954,36.39,192.03,93.62,ODR,0.75,0.25,,,ODR,0.96
37,2,337.5,341.0,13.57,239.91,46.31,42.22,338.59,0.9397,0.965,69.21,206.44,338.59,,0.0,1.0,,,,
24,1,208.5,210.5,13.57,46.23,13.5,32.92,209.2,0.2249,0.8984,6.42,129.37,29.2,,0.0,1.0,STA,2.46,DAT,7.12
59,3,303.0,308.0,13.39,188.46,40.68,48.66,305.67,0.5621,0.9796,80.58,262.9,305.67,CVD,1.0,0.0,,,CVD,1.98
467,5,174.0,182.0,13.12,296.22,39.15,15.07,178.3,0.9747,0.6476,20.12,202.07,178.31,CCY,0.414,0.586,CCY,7.58,,
73,4,310.5,317.0,13.0,199.35,-18.68,67.5,311.37,0.7565,0.8285,161.47,60.25,131.37,ECV,0.933,0.067,ECV,5.17,SOV,0.43
17,1,195.0,197.0,13.0,66.65,-5.63,54.08,196.16,0.3637,0.9775,103.48,106.6,16.16,XIE,1.0,0.0,,,XIE,0.18
16,1,330.0,332.0,13.0,255.87,53.43,32.53,331.07,0.9877,0.6387,55.0,182.09,331.07,,0.0,1.0,,,ETD,6.54
16,1,264.0,266.0,13.0,139.5,1.23,62.1,265.1,0.3428,0.9768,143.15,108.76,85.1,EHY,1.0,0.0,EHY,3.61,DOH,5.05
43,3,336.0,341.0,13.0,176.63,6.37,39.33,338.63,0.2093,0.9935,9.06,304.77,338.64,,0.0,1.0,,,,
15,1,15.0,17.0,13.0,204.16,-14.12,29.72,16.27,0.3501,0.8489,4.71,114.81,196.24,OAV,1.0,0.0,,,OAV,0.88
16,1,1.5,3.5,13.0,118.71,-35.01,13.78,1.83,0.9768,0.6443,17.35,18.12,181.82,M25F1,0.438,0.562,,,,
16,1,138.0,140.0,13.0,46.12,57.52,60.42,139.58,0.961,1.0402,114.38,154.04,139.58,PER,1.0,0.0,PER,0.34,,
11,1,190.5,192.5,13.0,31.43,8.82,32.28,192.0,0.2039,0.8866,6.5,134.08,12.0,STA,0.091,0.909,STA,0.89,SOA,0.64
27,2,235.5,239.0,13.0,23.31,36.94,16.55,236.3,0.8281,0.7303,11.18,232.25,236.29,AND,0.941,0.059,AND,3.69,,
35,1,51.0,53.0,12.86,229.97,-29.26,24.97,52.19,0.522,0.7897,9.32,95.44,232.17,,0.0,1.0,,,SLL,0.48
24,1,12.0,14.0,12.82,241.61,0.94,55.95,12.77,0.2711,0.9898,111.35,297.63,12.77,ALO,1.0,0.0,,,ALO,2.99
64,1,210.0,212.0,12.23,47.22,13.66,32.03,211.27,0.2474,0.8861,6.1,126.9,31.27,,0.0,1.0,STA,1.58,LCT,1.02
23,1,322.5,324.5,12.07,229.19,-59.86,59.04,322.87,0.9343,0.9057,110.07,332.73,142.87,,0.0,1.0,,,NOR,6.29
26,2,166.5,170.0,12.0,136.18,-68.86,19.38,168.72,0.9909,0.6521,29.51,343.88,348.72,,0.0,1.0,,,BEC,5.16
15,1,289.5,291.5,12.0,171.82,-15.02,66.4,290.45,0.6635,0.9493,145.71,70.96,110.44,KCR,0.933,0.067,,,KCR,0.51
21,2,111.0,114.5,12.0,6.75,50.82,57.58,113.27,0.9984,0.9832,107.53,164.65,113.27,ZCS,1.0,0.0,ZCS,0.15,,
14,1,13.5,15.5,12.0,195.03,-12.31,25.25,14.62,0.5033,0.7868,4.78,97.62,194.58,,0.0,1.0,,,OAV,6.76
15,1,226.5,228.5,12.0,55.65,-0.94,28.67,227.2,0.4957,0.8837,19.76,93.42,47.21,OER,1.0,0.0,OER,1.34,,
24,2,183.0,186.5,12.0,109.46,47.93,64.72,184.79,0.9446,0.8445,135.12,151.05,184.79,SOL,1.0,0.0,,,SOL,0.37
15,1,1.5,3.5,12.0,293.98,43.2,40.51,2.76,0.9142,0.9319,66.49,145.68,2.77,ZCY,0.2,0.8,,,,
15,1,357.0,359.0,12.0,52.81,68.58,11.45,358.24,0.9882,0.6277,13.47,168.49,358.25,,0.0,1.0,,,,
15,1,57.0,59.0,12.0,240.72,-10.52,25.81,57.81,0.5165,0.8181,9.2,274.89,57.85,MPS,0.933,0.067,,,MPS,2.93
15,1,202.5,204.5,12.0,92.39,15.32,68.05,203.74,0.6493,1.0167,163.75,71.91,23.74,ORI,1.0,0.0,ORI,2.24,XGM,5.1
67,2,310.5,314.0,11.88,249.16,24.51,54.75,313.16,0.8895,0.9359,97.79,142.99,313.16,FBH,0.927,0.073,,,FBH,0.3
57,2,157.5,161.0,11.48,242.0,58.67,20.02,160.17,0.9982,0.6611,30.68,166.67,160.18,AUD,0.575,0.425,AUD,1.7,IOD,7.62
22,1,49.5,51.5,11.33,213.37,8.94,15.41,50.43,0.8635,0.6791,9.0,230.03,50.46,AVB,0.5,0.5,,,,
19,1,241.5,243.5,11.33,64.77,15.59,23.12,242.51,0.5277,0.7557,4.59,94.74,62.53,FTA,1.0,0.0,STA,0.86,FTA,0.64
22,1,51.0,53.0,11.33,297.07,52.4,40.72,52.26,1.0091,0.9664,67.59,175.74,52.26,PCY,1.0,0.0,,,PCY,0.08
22,1,312.0,314.0,11.33,196.23,-35.08,65.99,313.3,0.8752,0.9667,133.56,39.31,133.3,,0.0,1.0,,,,
14,1,288.0,290.0,11.0,218.16,25.48,61.2,289.16,0.9662,0.9678,114.95,164.79,289.16,,0.0,1.0,,,TBO,5.07
11,1,25.5,27.5,11.0,209.96,-2.21,24.53,26.1,0.538,0.7739,8.2,273.82,26.12,,0.0,1.0,,,,
14,1,184.5,186.5,11.0,12.13,7.7,28.15,185.36,0.3976,0.856,2.65,288.23,185.4,NPI,0.643,0.357,NPI,2.11,SPI,6.36
14,1,210.0,212.0,11.0,45.16,19.16,31.2,210.97,0.2576,0.8745,3.04,306.31,210.97,,0.0,1.0,NTA,0.45,DAT,3.04
12,1,171.0,173.0,11.0,269.46,9.77,9.05,172.07,1.0036,0.6132,7.78,186.12,172.09,,0.0,1.0,,,SOS,2.71
58,4,52.5,57.5,11.0,239.11,-10.66,26.02,54.6,0.4892,0.8051,9.06,278.41,54.63,MPS,0.818,0.091,,,XSC,1.39
14,1,354.0,356.0,11.0,187.64,-44.79,44.77,354.77,0.4832,0.9685,68.35,92.5,174.77,,0.0,1.0,,,,
14,1,85.5,87.5,11.0,280.4,0.75,36.62,86.47,0.3809,0.978,35.11,285.29,86.48,JTS,1.0,0.0,,,JTS,1.03
14,1,94.5,96.5,11.0,13.07,6.52,70.27,95.1,0.937,0.9874,178.52,147.38,94.93,DPI,1.0,0.0,,,DPI,1.26
27,2,313.5,317.0,11.0,225.61,-60.65,57.82,316.12,0.8928,0.9472,106.5,323.72,136.12,,0.0,1.0,,,NOR,7.85
30,1,69.0,71.0,10.75,198.12,51.14,12.29,69.8,1.0134,0.6561,14.65,182.51,69.82,M25L1,0.6,0.4,,,,
30,1,330.0,332.0,10.75,242.33,-65.89,56.8,331.17,0.9291,0.9477,103.9,331.29,151.17,,0.0,1.0,,,TTR,1.75
41,2,69.0,72.5,10.58,239.58,-36.82,20.94,71.77,0.6799,0.7536,10.21,76.33,251.75,,0.0,1.0,,,SLL,6.9
12,1,120.0,122.0,10.22,335.32,-18.38,40.48,121.54,0.0747,0.9679,27.83,151.96,301.53,SDA,1.0,0.0,SDA,2.48,,
55,2,159.0,162.5,10.22,304.65,20.0,15.13,161.72,0.9068,0.6851,14.79,221.11,161.73,CCY,0.552,0.448,,,,
36,1,316.5,318.5,10.16,212.5,-24.74,70.72,317.45,0.9229,0.9642,160.94,29.48,137.45,PIH,1.0,0.0,,,PIH,1.71
11,1,213.0,215.0,10.0,100.2,16.15,62.44,213.9,0.4637,0.817,163.98,100.59,33.9,ORI,1.0,0.0,ORI,3.11,XGM,4.7
13,1,309.0,311.0,10.0,204.35,-17.68,70.74,309.92,0.888,0.9562,167.53,37.32,129.91,PIH,0.077,0.923,,,SOV,4.42
10,1,319.5,321.5,10.0,212.22,-20.08,70.15,320.36,0.8423,0.9363,167.92,45.95,140.36,PIH,0.1,0.9,,,PIH,3.42
13,1,234.0,236.0,10.0,22.58,36.11,16.63,235.44,0.8263,0.7401,11.08,232.44,235.43,AND,0.923,0.077,AND,2.7,,
13,1,340.5,342.5,10.0,237.41,13.21,61.95,341.64,0.824,0.9777,119.79,228.98,341.64,,0.0,1.0,,,,
13,1,24.0,26.0,10.0,312.16,14.17,60.25,25.07,0.7279,0.9651,119.85,115.81,25.07,AED,1.0,0.0,,,AED,4.37
10,1,139.5,141.5,10.0,47.43,58.38,56.9,140.25,0.949,0.7853,111.16,148.87,140.25,PER,1.0,0.0,PER,0.2,,
13,1,285.0,287.0,10.0,169.37,-60.66,48.68,286.25,0.963,0.8858,84.21,342.94,106.25,TCD,1.0,0.0,,,TCD,6.45
11,1,39.0,41.0,10.0,231.98,-22.27,32.32,39.84,0.2704,0.8868,5.0,123.51,219.76,ILI,1.0,0.0,,,ILI,1.08
13,1,324.0,326.0,10.0,222.49,15.8,62.91,324.63,0.7894,0.9837,123.16,233.51,324.63,ZBO,0.923,0.077,,,ZBO,2.52
27,2,313.5,317.0,9.84,160.35,-11.77,43.73,316.11,0.156,0.9542,56.87,136.58,136.11,AAN,0.765,0.235,AAN,0.63,,
27,1,309.0,311.0,9.7,199.6,28.99,56.28,309.99,0.5835,0.9746,104.18,260.36,309.99,,0.0,1.0,,,FCV,1.21
27,1,165.0,167.0,9.17,239.7,54.79,18.89,165.67,0.9919,0.6549,28.27,163.72,165.68,AUD,0.222,0.778,AUD,5.77,IOD,4.59
18,1,343.5,345.5,9.09,126.63,-16.0,14.33,344.65,0.9096,0.6699,12.65,37.07,164.64,,0.0,1.0,,,,
18,1,0.0,2.0,9.09,279.85,-71.05,55.3,1.31,0.992,0.957,99.83,352.32,181.31,,0.0,1.0,,,ZPA,0.12
16,1,105.0,107.0,9.09,239.91,23.81,11.57,106.13,0.994,0.6145,11.98,199.64,106.15,ECB,0.375,0.625,,,ECB,2.45
28,2,99.0,102.5,9.09,207.3,56.07,13.76,101.54,1.0106,0.6292,18.69,169.94,101.55,,0.0,1.0,,,,
18,1,66.0,68.0,9.09,221.45,21.01,13.65,67.08,0.9443,0.6529,12.54,213.84,67.1,,0.0,1.0,,,,
17,1,70.5,72.5,9.09,271.21,-16.35,35.7,71.6,0.1915,0.9275,13.86,313.0,71.61,,0.0,1.0,,,SGI,7.26
58,3,10.5,15.5,9.09,211.35,-20.62,30.44,14.24,0.221,0.8364,12.1,135.54,194.22,,0.0,1.0,,,,
11,1,238.5,240.5,9.0,117.32,0.72,62.33,239.72,0.4824,0.9846,133.84,91.76,59.72,AMO,1.0,0.0,AMO,0.08,,
11,1,318.0,320.0,9.0,344.6,69.16,12.85,318.88,0.9857,0.5878,17.53,176.72,318.88,,0.0,1.0,,,,
11,1,237.0,239.0,9.0,155.45,20.57,68.04,237.94,0.986,0.6704,162.66,174.03,237.94,LEO,1.0,0.0,LEO,0.62,,
10,1,319.5,321.5,9.0,217.62,17.31,62.28,320.97,0.7645,0.9664,121.89,237.02,320.97,ZBO,0.6,0.4,,,ZBO,1.75
11,1,19.5,21.5,9.0,200.99,-14.45,25.56,20.77,0.4943,0.7947,4.85,98.34,200.74,OAV,0.455,0.545,,,OAV,0.73
11,1,351.0,353.0,9.0,217.14,63.62,21.66,351.3,0.9446,0.678,32.26,208.7,351.3,,0.0,1.0,,,,
12,1,256.5,258.5,9.0,72.11,14.27,19.24,257.26,0.6586,0.6963,4.94,79.14,77.28,DSA,0.583,0.417,ORS,6.52,RTU,3.33
12,1,255.0,257.0,9.0,150.29,35.65,63.45,256.23,0.5945,0.9766,133.1,258.59,256.23,COM,1.0,0.0,,,DLM,5.64
19,2,22.5,26.0,9.0,213.52,-38.12,40.6,24.58,0.3112,0.9954,43.67,112.88,204.58,ACU,0.636,0.364,,,ACU,2.49
10,1,22.5,24.5,9.0,207.29,-16.24,27.3,24.09,0.4367,0.821,4.89,104.83,204.05,OAV,1.0,0.0,,,OAV,4.1
11,1,340.5,342.5,9.0,179.49,-1.96,34.37,341.41,0.2162,0.9075,3.7,129.86,161.38,,0.0,1.0,,,,
11,1,328.5,330.5,9.0,89.77,-63.89,27.51,330.06,0.9878,0.9219,41.77,2.94,150.06,,0.0,1.0,,,DDO,1.06
11,1,339.0,341.0,9.0,246.01,-45.93,67.26,339.97,0.9862,0.9525,138.99,351.87,159.97,,0.0,1.0,,,DNO,0.39
11,1,337.5,339.5,9.0,169.04,-3.58,36.6,339.17,0.2914,0.9875,12.77,114.77,159.17,,0.0,1.0,,,ESL,4.88
11,1,33.0,35.0,9.0,225.89,-11.83,30.54,33.79,0.3287,0.861,7.03,297.47,33.82,DLI,1.0,0.0,,,DLI,0.89
12,1,255.0,257.0,9.0,68.97,12.85,18.19,256.15,0.6927,0.6807,5.09,75.09,76.17,,0.0,1.0,,,RTU,1.25
12,1,333.0,335.0,9.0,88.47,-64.27,27.99,333.8,0.9892,0.9615,41.97,358.84,153.8,,0.0,1.0,,,DDO,0.49
44,1,264.0,266.0,9.0,88.75,26.61,23.81,265.03,0.5121,0.7677,2.59,276.36,264.98,DEG,0.545,0.455,NTA,1.23,ORN,4.5
11,1,337.5,339.5,9.0,276.11,71.51,21.32,338.56,0.9899,0.6477,33.38,178.75,338.56,,0.0,1.0,,,,
10,1,264.0,266.0,9.0,75.94,12.21,17.9,264.96,0.7144,0.681,5.62,71.08,84.98,DSA,0.2,0.8,,,RTU,7.31
11,1,139.5,141.5,9.0,48.54,57.86,56.65,140.18,0.9366,0.7546,111.63,145.51,140.18,PER,1.0,0.0,PER,0.3,,
11,1,168.0,170.0,9.0,262.99,-30.91,7.18,169.32,1.0053,0.5126,2.12,7.06,348.06,,0.0,1.0,,,GSA,6.71
11,1,178.5,180.5,9.0,305.07,15.09,11.62,179.0,0.9583,0.6489,10.08,207.22,179.01,,0.0,1.0,,,,
12,1,163.5,165.5,9.0,108.4,61.63,56.47,164.94,0.7895,0.9601,105.4,124.23,164.94,,0.0,1.0,,,XAU,1.54
11,1,169.5,171.5,9.0,338.69,54.31,35.18,171.04,0.7955,0.9384,52.77,235.46,171.04,,0.0,1.0,,,,
11,1,168.0,170.0,9.0,49.14,-24.39,50.33,169.03,0.6212,0.9768,88.4,76.93,349.03,TER,1.0,0.0,,,TER,0.18
11,1,163.5,165.5,9.0,149.49,48.94,45.32,164.46,0.4274,0.9947,68.55,80.91,164.46,ALN,0.182,0.818,,,ALN,4.32
11,1,186.0,188.0,9.0,156.44,-2.27,32.76,186.93,0.1513,0.8722,24.18,214.44,6.92,DSX,1.0,0.0,DSX,0.2,,
11,1,168.0,170.0,9.0,45.75,-9.12,56.59,169.26,0.398,0.9861,113.06,101.95,349.26,SZE,1.0,0.0,,,SZE,2.43
68,2,160.5,164.0,8.87,95.39,39.49,65.78,161.89,0.6763,0.9729,147.71,109.62,161.89,AUR,0.923,0.077,AUR,2.82,TAG,5.6
39,1,289.5,291.5,8.87,224.33,1.14,66.47,290.45,0.6831,0.9565,145.51,111.9,290.45,DSV,0.974,0.026,,,JPV,1.23
24,1,289.5,291.5,8.64,182.07,-16.56,67.11,290.49,0.855,0.7854,153.57,44.51,110.49,ECV,0.625,0.375,ECV,6.87,DEC,4.17
69,2,25.5,29.0,8.56,220.09,-10.58,31.55,26.29,0.2942,0.8753,7.4,300.63,26.33,DLI,0.96,0.04,,,DLI,3.26
18,1,76.5,78.5,8.43,275.75,-26.74,33.94,77.39,0.2189,0.9086,6.28,129.92,257.32,LSA,0.944,0.056,,,LSA,0.88
17,1,258.0,260.0,8.35,153.01,34.64,63.79,258.88,0.5873,1.0027,133.64,258.88,258.88,COM,1.0,0.0,COM,6.37,DLM,3.22
15,1,142.5,144.5,8.35,54.87,58.24,58.52,143.09,0.9306,0.8778,113.51,145.76,143.09,PER,1.0,0.0,PER,3.52,,
16,1,178.5,180.5,8.35,61.7,40.3,64.84,179.27,0.6804,0.9741,142.29,249.66,179.27,SPE,0.438,0.562,SPE,7.71,PXS,2.61
11,1,66.0,68.0,8.35,270.02,-25.79,37.35,67.19,0.1371,0.945,5.84,141.87,247.16,LSA,0.182,0.818,,,LSA,4.35
16,1,309.0,311.0,8.35,184.06,-18.26,63.88,309.72,0.4677,0.9457,145.15,93.98,129.71,,0.0,1.0,ECV,4.97,,
16,1,70.5,72.5,8.35,355.05,8.96,66.32,71.51,0.7438,0.8932,160.86,115.74,71.5,ETA,0.5,0.5,,,JTP,1.29
16,1,183.0,185.0,8.35,322.86,5.68,12.11,184.38,0.9217,0.6621,6.37,216.88,184.39,,0.0,1.0,,,,
17,1,37.5,39.5,8.35,225.87,-10.9,27.25,38.64,0.4282,0.8185,6.45,286.27,38.67,DLI,0.235,0.765,,,DLI,1.28
32,2,1.5,5.0,8.35,197.23,-45.67,45.02,3.93,0.4441,0.9854,67.39,96.37,183.93,,0.0,1.0,,,,
20,1,165.0,167.0,8.12,10.26,-4.55,35.7,166.41,0.1837,0.9303,16.45,134.29,346.4,AIC,0.2,0.8,,,PCE,2.18
37,1,336.0,338.0,8.12,288.35,47.54,31.25,336.92,0.913,0.7518,50.08,144.71,336.92,MOC,0.108,0.892,,,FDC,0.8
24,1,66.0,68.0,8.12,237.23,-34.81,21.69,67.07,0.649,0.7615,9.84,80.07,247.04,,0.0,1.0,,,SLL,4.26
22,1,286.5,288.5,8.12,99.44,14.09,18.16,287.88,0.7028,0.6822,4.97,72.36,107.9,DSA,0.545,0.455,,,,
35,2,85.5,89.0,8.12,235.18,6.19,12.96,86.15,0.9365,0.6399,8.56,216.55,86.18,JES,0.208,0.792,,,JES,4.25
23,2,289.5,293.0,8.0,109.37,1.01,23.71,292.03,0.6171,0.7861,15.5,81.24,112.03,DCN,0.6,0.4,,,DCN,0.54
10,1,289.5,291.5,8.0,194.99,-24.35,70.06,290.11,0.9753,0.9493,151.61,349.49,110.11,,0.0,1.0,ECV,6.8,PIH,7.66
10,1,54.0,56.0,8.0,300.16,17.7,59.5,54.38,0.9002,0.9836,113.55,218.85,54.37,M23K1,0.9,0.1,GAQ,4.21,,
38,2,10.5,14.0,8.0,309.56,71.99,20.54,11.31,0.9772,0.6615,31.94,160.82,11.31,,0.0,1.0,,,,
233,4,160.5,167.0,8.0,65.34,-0.54,65.55,164.52,0.9064,0.8933,141.14,38.52,344.52,NUE,0.959,0.041,NUE,2.15,OOE,6.58
10,1,163.5,165.5,8.0,4.09,-11.35,31.44,164.79,0.3163,0.8804,16.62,117.13,344.78,,0.0,1.0,,,,
10,1,315.0,317.0,8.0,246.17,21.17,56.62,316.1,0.9225,0.8681,105.53,149.29,316.1,FBH,0.1,0.9,,,FBH,1.35
10,1,300.0,302.0,8.0,219.39,76.42,29.91,301.03,0.9367,0.9611,43.87,205.51,301.03,,0.0,1.0,GUM,7.67,,
10,1,78.0,80.0,8.0,35.94,-41.79,50.63,79.57,0.9206,0.9829,89.41,324.3,259.57,,0.0,1.0,,,CPH,0.71
10,1,58.5,60.5,8.0,307.07,-31.97,64.63,59.12,0.5234,0.9844,152.17,88.6,239.13,OMC,1.0,0.0,,,OMC,0.85
10,1,288.0,290.0,8.0,152.97,-72.45,41.16,288.81,0.9621,0.9607,66.73,342.75,108.81,,0.0,1.0,,,OCR,1.04
10,1,336.0,338.0,8.0,247.82,28.13,54.94,336.66,0.9791,0.9728,97.43,192.1,336.66,,0.0,1.0,,,,
17,2,333.0,336.5,8.0,87.67,-28.49,11.54,334.23,0.9846,0.6135,13.83,9.19,154.23,,0.0,1.0,,,,
10,1,6.0,8.0,8.0,200.15,-45.42,45.14,6.75,0.4217,0.9895,67.09,98.96,186.75,,0.0,1.0,,,,
10,1,103.5,105.5,8.0,18.19,26.72,63.91,104.28,0.8643,0.7242,147.25,130.09,104.27,PPS,1.0,0.0,PPS,2.03,UPI,2.18
10,1,97.5,99.5,8.0,205.84,67.59,16.52,98.06,0.9983,0.6424,23.69,162.52,98.07,,0.0,1.0,,,,
10,1,1.5,3.5,8.0,181.99,45.97,14.92,2.35,0.9055,0.5823,16.49,221.41,2.36,,0.0,1.0,,,,
10,1,253.5,255.5,8.0,78.81,25.96,24.9,254.33,0.4736,0.7828,2.6,280.41,254.29,PTS,1.0,0.0,NTA,7.72,ORN,3.96
10,1,349.5,351.5,8.0,255.23,-16.47,71.51,350.67,0.9741,0.9754,169.37,196.18,350.66,EOP,0.9,0.1,,,EOP,4.86
10,1,343.5,345.5,8.0,212.01,25.05,46.11,344.27,0.4432,0.9543,72.73,277.72,344.27,MTB,1.0,0.0,,,MTB,1.64
10,1,342.0,344.0,8.0,211.93,27.63,45.76,343.16,0.4938,0.9678,71.73,271.61,343.17,MTB,1.0,0.0,,,MTB,1.19
10,1,135.0,137.0,8.0,42.56,56.03,57.22,135.88,0.9403,0.7774,112.89,146.53,135.88,PER,1.0,0.0,PER,2.18,,
10,1,36.0,38.0,8.0,260.93,47.49,35.6,37.79,0.9538,0.9753,55.58,206.65,37.79,M24H1,1.0,0.0,,,NHE,7.58
10,1,139.5,141.5,8.0,47.12,57.58,57.37,140.48,0.9535,0.7881,112.57,150.07,140.48,PER,1.0,0.0,PER,0.13,,
10,1,33.0,35.0,8.0,329.85,-4.8,65.3,34.2,0.5107,0.9715,164.46,90.0,34.19,ETA,1.0,0.0,,,NPE,7.22
10,1,337.5,339.5,8.0,273.19,51.89,31.29,338.82,0.9756,0.643,52.72,164.18,338.82,,0.0,1.0,,,MXD,5.82
10,1,28.5,30.5,8.0,329.81,2.71,61.63,29.32,0.3625,0.9933,143.58,73.55,29.32,NPE,1.0,0.0,,,NPE,0.64
10,1,142.5,144.5,8.0,274.62,56.56,20.84,143.48,1.0034,0.6523,32.78,192.39,143.48,AUD,1.0,0.0,AUD,2.81,,
10,1,6.0,8.0,8.0,184.55,47.32,16.07,7.13,0.9167,0.6478,17.3,217.63,7.14,,0.0,1.0,,,,
10,1,306.0,308.0,8.0,78.38,-38.5,13.64,306.69,0.9728,0.6181,17.88,14.18,126.69,,0.0,1.0,,,,
10,1,13.5,15.5,8.0,243.11,0.85,55.77,14.57,0.274,0.9845,110.38,297.85,14.57,ALO,1.0,0.0,,,ALO,1.51
14,1,142.5,144.5,7.6,50.45,57.69,59.21,143.24,0.9618,0.9063,114.62,153.53,143.24,PER,1.0,0.0,PER,1.26,,
12,1,3.0,5.0,7.6,84.06,21.09,7.13,4.06,0.9943,0.5311,1.54,349.28,183.08,,0.0,1.0,,,,
14,1,208.5,210.5,7.6,43.33,19.1,30.77,209.02,0.2602,0.8663,3.64,306.36,209.02,,0.0,1.0,NTA,1.31,NOA,4.34
25,2,178.5,182.0,7.6,348.6,5.07,18.6,180.9,0.7103,0.7205,5.3,252.22,180.92,,0.0,1.0,,,,
21,1,313.5,315.5,7.59,208.46,-21.52,70.05,314.53,0.8992,0.9043,163.28,35.78,134.53,PIH,0.762,0.238,,,PIH,2.26
28,1,24.0,26.0,7.57,259.85,42.58,39.63,24.99,0.9362,0.9434,64.06,210.3,24.99,NHE,0.964,0.036,,,NHE,3.25
172,1,166.5,168.5,7.23,3.05,4.86,28.92,167.56,0.2834,0.8374,4.89,304.52,167.66,NIA,0.523,0.471,NIA,0.75,,
72,1,172.5,174.5,7.15,71.88,1.99,65.85,173.41,0.8778,0.8887,143.28,43.52,353.41,NUE,0.736,0.264,NUE,0.94,ROR,7.13
14,1,159.0,161.0,7.14,1.31,9.03,36.17,160.13,0.1421,0.9298,18.4,321.36,160.14,NDA,1.0,0.0,,,NCQ,7.78
22,1,358.5,360.5,7.06,121.81,-36.83,15.11,359.48,0.9649,0.6493,19.28,22.76,179.68,M25F1,0.636,0.364,,,,
21,1,9.0,11.0,7.06,154.25,-4.8,12.97,10.28,0.9078,0.6484,5.03,40.19,190.24,,0.0,1.0,,,,
27,2,325.5,329.0,7.06,343.92,60.02,13.62,328.26,0.9746,0.6445,17.58,164.87,328.26,,0.0,1.0,,,,
42,1,85.5,87.5,7.06,230.58,52.55,14.98,86.67,1.0136,0.6129,21.16,186.48,86.69,EUM,0.333,0.667,AVB,5.51,EUM,2.11
13,1,313.5,315.5,7.06,160.45,-9.93,43.94,314.21,0.1317,0.9588,57.32,141.12,134.21,AAN,1.0,0.0,AAN,1.74,,
37,1,82.5,84.5,7.0,228.86,43.39,13.68,83.55,1.0008,0.6249,18.06,195.74,83.56,EUM,0.216,0.784,TAH,1.79,,
36,1,90.0,92.0,7.0,237.84,6.41,12.16,90.8,0.9448,0.6201,8.59,216.03,90.83,JES,0.361,0.639,,,JES,2.28
150,2,168.0,171.5,6.93,70.21,0.98,65.77,170.52,0.8997,0.8895,142.14,39.31,350.52,NUE,0.778,0.222,NUE,1.22,,
14,1,315.0,317.0,6.86,104.14,-43.76,19.52,316.54,0.9424,0.6389,28.43,27.7,136.54,,0.0,1.0,,,,
14,1,327.0,329.0,6.86,211.31,-20.43,66.58,327.96,0.6248,0.8858,164.21,78.27,147.96,ECV,0.357,0.643,,,PIH,2.74
14,1,336.0,338.0,6.86,268.37,51.85,31.86,336.7,0.9834,0.657,53.98,169.27,336.7,,0.0,1.0,,,MXD,6.61
10,1,28.5,30.5,6.86,223.17,-11.46,32.36,29.41,0.2814,0.8868,7.39,302.14,29.44,DLI,1.0,0.0,,,DLI,0.7
14,1,24.0,26.0,6.86,165.42,6.9,9.12,25.12,0.9642,0.5287,1.62,120.36,113.8,,0.0,1.0,,,,
22,2,309.0,312.5,6.86,209.27,-23.17,70.49,311.76,0.9538,0.9368,161.05,21.08,131.76,PIH,1.0,0.0,,,PIH,0.96
14,1,313.5,315.5,6.86,186.47,-39.24,61.07,314.27,0.7915,0.9795,118.03,53.47,134.27,,0.0,1.0,OHY,7.24,,
14,1,21.0,23.0,6.86,201.29,-14.93,24.76,22.19,0.5188,0.7812,4.9,95.73,202.16,,0.0,1.0,,,OAV,0.83
14,1,304.5,306.5,6.86,234.78,64.99,29.36,305.6,0.9633,0.6203,48.4,199.39,305.6,GUM,0.643,0.357,GUM,2.19,,
22,1,340.5,342.5,6.71,340.0,64.23,13.21,341.62,0.9726,0.6237,17.5,162.38,341.62,,0.0,1.0,,,,
32,1,331.5,333.5,6.63,70.57,-53.14,16.47,332.42,0.9871,0.6264,24.33,350.91,152.42,M26E1,0.312,0.688,,,,
31,1,79.5,81.5,6.63,236.82,64.11,17.33,80.67,1.0147,0.6168,26.34,179.0,80.68,,0.0,1.0,,,,
20,1,318.0,320.0,6.54,217.12,17.75,62.36,319.12,0.7768,0.963,122.37,235.97,319.12,,0.0,1.0,,,ZBO,1.17
20,1,102.0,104.0,6.54,265.92,2.65,17.23,102.99,0.8298,0.7172,12.49,236.15,103.01,,0.0,1.0,,,FOP,5.87
20,1,351.0,353.0,6.54,217.15,22.91,45.99,351.43,0.4507,0.969,71.25,276.31,351.43,,0.0,1.0,,,TSB,1.16
33,1,187.5,189.5,6.33,17.19,12.14,26.4,188.26,0.3745,0.7895,4.43,294.58,188.27,NPI,1.0,0.0,,,SPI,7.27
25,1,256.5,258.5,6.28,151.5,35.19,62.59,257.34,0.5699,0.9375,132.71,262.49,257.35,COM,1.0,0.0,COM,7.73,DLM,4.56
65,2,94.5,98.0,6.16,238.3,12.82,11.98,97.02,0.9664,0.626,10.31,209.3,97.04,,0.0,1.0,,,,
10,1,354.0,356.0,6.11,137.03,-18.37,14.23,354.93,0.9059,0.6366,12.05,39.39,174.92,,0.0,1.0,,,,
13,1,46.5,48.5,6.11,211.56,7.9,15.87,47.11,0.8463,0.6817,8.85,233.01,47.14,AVB,0.769,0.231,,,,
13,1,337.5,339.5,6.11,209.04,28.2,46.48,338.44,0.4779,0.967,73.66,273.01,338.44,MTB,0.538,0.462,,,MTB,3.55
149,2,181.5,185.0,6.11,14.54,10.42,26.83,184.1,0.347,0.798,4.4,297.22,184.11,NPI,0.763,0.237,NPI,4.65,SPI,6.81
12,1,343.5,345.5,6.11,187.6,1.74,36.07,344.33,0.168,0.9221,10.03,317.0,344.33,,0.0,1.0,,,NMV,3.7
13,1,102.0,104.0,6.11,11.56,41.23,60.56,102.95,0.8999,0.9154,120.72,139.42,102.94,UAN,1.0,0.0,FAN,5.91,UAN,3.5
13,1,169.5,171.5,6.11,157.82,48.66,45.04,170.8,0.4712,0.9887,67.69,86.0,170.8,,0.0,1.0,,,,
13,1,300.0,302.0,6.11,123.75,23.7,22.29,300.97,0.5766,0.7427,2.7,267.96,300.95,,0.0,1.0,,,,
13,1,24.0,26.0,6.11,270.15,30.71,48.69,25.02,0.9222,0.9307,84.47,213.41,25.02,,0.0,1.0,LYR,2.57,,
13,1,165.0,167.0,6.11,56.17,-3.26,62.48,165.63,0.68,0.9161,134.77,70.82,345.63,,0.0,1.0,,,OOE,2.98
24,2,322.5,326.0,6.11,87.83,-43.65,16.47,324.69,0.9813,0.6316,23.4,10.36,144.69,,0.0,1.0,,,,
12,1,301.5,303.5,6.11,246.26,50.66,36.28,302.17,0.9816,0.6641,62.05,173.31,302.17,,0.0,1.0,,,,
36,1,264.0,266.0,6.03,132.05,0.92,57.43,265.25,0.2153,0.9763,125.09,125.61,85.25,HYD,0.778,0.222,HYD,0.74,DOH,3.5
32,1,87.0,89.0,6.0,233.48,55.8,15.49,88.21,1.0135,0.6245,22.85,186.53,88.23,EUM,0.188,0.75,,,EUM,1.9
58,1,255.0,257.0,5.89,80.38,26.26,24.71,255.84,0.4796,0.7793,2.76,280.11,255.77,PTS,0.655,0.328,NTA,6.3,ORN,2.6
27,1,97.5,99.5,5.89,256.52,8.13,15.76,98.34,0.8861,0.6888,12.68,226.3,98.37,KCG,0.222,0.778,,,,
31,1,349.5,351.5,5.75,189.88,-7.57,35.9,350.73,0.1633,0.921,6.47,137.33,170.74,,0.0,1.0,,,SMV,2.15
34,1,165.0,167.0,5.54,5.8,9.46,35.63,165.83,0.1557,0.9269,13.73,319.04,165.84,NDA,0.647,0.353,NPI,2.94,,
25,1,159.0,161.0,5.52,356.11,2.83,29.17,160.29,0.2735,0.8378,5.75,306.67,160.32,NIA,1.0,0.0,NIA,0.21,SGP,4.59
39,2,304.5,308.0,5.52,202.31,-19.79,70.72,307.04,0.9196,0.9404,163.51,30.19,127.03,PIH,0.643,0.357,,,SOV,2.68
72,1,177.0,179.0,5.5,332.28,0.96,13.53,178.4,0.8595,0.6502,4.29,229.44,178.51,,0.0,1.0,,,,
29,2,4.5,8.0,5.48,267.82,67.17,23.18,6.69,0.9976,0.6356,37.36,179.09,6.69,,0.0,1.0,,,PDF,1.44
15,1,69.0,71.0,5.48,272.15,-26.99,36.94,70.42,0.1501,0.9398,8.38,139.44,250.4,LSA,0.6,0.4,,,LSA,2.41
18,1,66.0,68.0,5.48,351.98,7.07,66.31,66.81,0.7136,0.9011,161.27,112.21,66.8,ETA,1.0,0.0,ETA,6.88,JTP,3.88
16,1,303.0,305.0,5.48,184.17,-30.05,64.65,303.68,0.8087,0.9144,131.87,51.75,123.68,JBC,0.75,0.25,OHY,6.41,SCV,1.71
15,1,306.0,308.0,5.48,228.12,48.55,45.04,307.1,0.9622,0.9133,75.62,197.8,307.1,FPB,0.333,0.667,LBO,7.7,,
18,1,280.5,282.5,5.48,77.59,3.37,13.67,281.5,0.8654,0.6375,7.28,46.2,101.52,,0.0,1.0,,,,
14,1,168.0,170.0,5.48,7.84,8.28,35.39,168.62,0.168,0.9296,9.99,316.64,168.64,NDA,0.357,0.643,NPI,1.16,,
12,1,292.5,294.5,5.37,183.26,19.6,62.6,293.69,0.4996,0.9347,136.53,271.3,293.69,FEV,1.0,0.0,,,,
12,1,166.5,168.5,5.37,61.48,-41.06,42.89,167.83,0.9119,0.9188,72.53,36.56,347.83,,0.0,1.0,,,DHO,0.47
12,1,327.0,329.0,5.37,218.88,44.94,44.14,327.86,0.8312,0.9705,71.28,227.25,327.86,,0.0,1.0,,,,
11,1,67.5,69.5,5.37,221.72,0.61,13.49,68.59,0.9073,0.6615,5.82,222.89,68.63,,0.0,1.0,,,,
11,1,24.0,26.0,5.37,267.58,-16.58,65.25,24.65,0.4895,0.9462,164.49,272.39,24.63,OSP,1.0,0.0,,,OSP,7.62
11,1,334.5,336.5,5.37,240.25,59.52,29.2,335.29,0.9649,0.677,47.99,200.8,335.29,ETD,0.727,0.273,,,ETD,2.71
11,1,96.0,98.0,5.37,237.2,-21.13,11.29,96.78,0.941,0.6263,0.59,38.51,275.68,,0.0,1.0,,,,
11,1,280.5,282.5,5.37,95.2,-29.22,24.94,281.41,0.8262,0.8049,32.15,50.07,101.41,PIP,1.0,0.0,,,LCM,3.58
11,1,256.5,258.5,5.37,151.95,35.18,63.7,257.73,0.5936,0.9935,133.51,258.3,257.73,COM,1.0,0.0,COM,7.39,DLM,4.24
11,1,72.0,74.0,5.37,233.36,-15.84,15.09,73.15,0.8277,0.6379,1.19,237.38,73.63,,0.0,1.0,,,,
10,1,6.0,8.0,5.37,139.48,13.29,10.01,6.94,0.9638,0.6368,0.97,27.19,186.08,,0.0,1.0,,,,
12,1,295.5,297.5,5.37,112.93,-1.05,23.57,295.95,0.6297,0.7872,16.27,79.7,115.95,DCN,0.417,0.583,,,DCN,2.52
12,1,265.5,267.5,5.37,96.02,25.64,27.34,266.3,0.4043,0.8207,2.43,287.59,266.27,ORN,1.0,0.0,NTA,7.78,DEG,0.61
10,1,316.5,318.5,5.37,125.25,58.61,16.14,317.52,0.8882,0.7022,15.58,221.15,317.51,,0.0,1.0,,,,
10,1,162.0,164.0,5.37,76.26,-3.65,65.62,163.16,1.0068,0.9234,135.17,355.86,343.17,PSO,0.3,0.7,PSO,2.35,,
11,1,132.0,134.0,5.37,39.25,56.33,56.66,133.2,0.9365,0.767,111.06,145.45,133.2,PER,1.0,0.0,PER,3.6,,
17,1,283.5,285.5,5.23,69.35,21.15,11.57,284.09,0.9028,0.6316,1.53,41.79,105.51,,0.0,1.0,,,,
24,1,12.0,14.0,5.14,119.52,21.82,7.94,13.0,0.9978,0.5788,1.78,93.94,103.0,,0.0,1.0,,,,
76,1,162.0,164.0,5.02,357.61,3.61,29.01,162.98,0.2725,0.8361,4.69,306.7,163.13,NIA,0.789,0.171,NIA,1.72,SGP,6.0
48,1,76.5,78.5,5.01,277.73,-23.46,35.38,77.7,0.1938,0.9297,4.48,136.28,256.42,LSA,0.604,0.396,,,LSA,1.52
