oid,label,n_det,t_span
ZTF17aaaikab,CV,52,2532.139
ZTF17aaajnki,AGN,449,2818.282
ZTF17aaaobyl,CV,317,2713.735
ZTF17aaaocpq,AGN,381,2899.005
ZTF17aaavjfv,CV,21,2170.145
ZTF17aaawgkc,CV,138,2681.794
ZTF17aaburzk,CV,204,2869.038
ZTF17aacpbmv,SN Ic,16,60.818
ZTF17aactzul,CV,30,2795.088
ZTF17aadcbei,CV,86,2676.945
ZTF18aaabltn,AGN,773,2790.731
ZTF18aaadtdc,AGN,912,2868.027
ZTF18aaaecnk,CV,49,2157.036
ZTF18aaakpbx,CV,417,2691.745
ZTF18aaakpoh,AGN,481,2784.25
ZTF18aaakpsa,AGN,533,2884.0
ZTF18aaaniwu,AGN,406,2676.931
ZTF18aaaokus,AGN,1446,2793.21
ZTF18aaaorhy,AGN,862,2756.348
ZTF18aaaphrw,CV,16,1686.249
ZTF18aaapjfq,CV,1272,2785.649
ZTF18aabfxpw,CV,87,2557.195
ZTF18aabicqe,AGN,737,2704.732
ZTF18aabilqu,AGN,1507,2715.714
ZTF18aabiwhf,CV,40,2255.083
ZTF18aabkjfv,AGN,591,2699.815
ZTF18aabssth,SN II,678,2790.742
ZTF18aabvpbb,CV,141,2773.641
ZTF18aacdvmi,AGN,641,2652.73
ZTF18aacdydz,AGN,632,2700.922
ZTF18aacfonx,AGN,203,2675.848
ZTF18aachojf,AGN,388,2705.649
ZTF18aaddhpb,AGN,752,2649.917
ZTF18aadkjmo,AGN,734,2761.712
ZTF18aadmssd,SN IIn,23,76.91
ZTF18aadnqwz,AGN,173,2673.815
ZTF18aaeauzu,AGN,23,1557.88
ZTF18aaenfaa,AGN,990,2755.688
ZTF18aaeraoq,AGN,481,2805.258
ZTF18aafeiiy,AGN,35,2664.732
ZTF18aafjeeu,AGN,15,1557.902
ZTF18aaflcyp,AGN,16,87.711
ZTF18aagrkwn,AGN,415,2830.234
ZTF18aagteoy,AGN,821,2834.167
ZTF18aagtevs,AGN,1352,2834.268
ZTF18aaheszr,AGN,1050,2802.689
ZTF18aahfjdt,AGN,695,2928.115
ZTF18aahfohe,AGN,429,2834.179
ZTF18aahjbii,AGN,468,2817.151
ZTF18aahjdnz,AGN,561,2834.201
ZTF18aahjjuh,AGN,581,2801.266
ZTF18aahmkac,AGN,44,2948.092
ZTF18aahpbal,AGN,349,2705.78
ZTF18aahpyks,SN Ia,21,497.831
ZTF18aahqrur,AGN,289,2288.937
ZTF18aahtkze,AGN,274,2816.197
ZTF18aahtnlt,AGN,457,2652.967
ZTF18aahuujv,SN Ic,30,415.985
ZTF18aahvcby,AGN,552,3001.99
ZTF18aahwquy,AGN,131,2912.907
ZTF18aahxamc,AGN,118,1127.014
ZTF18aailsee,AGN,141,2755.238
ZTF18aaisybp,SN Ic,17,44.031
ZTF18aaisyyp,SN Ic,855,2828.185
ZTF18aaiwsqa,AGN,1248,2833.197
ZTF18aaixulp,CV,624,2832.158
ZTF18aaizerg,SN Ia,28,37.998
ZTF18aajarpg,AGN,313,2565.993
ZTF18aajiwdu,AGN,142,1553.995
ZTF18aajnqmp,AGN,480,2818.221
ZTF18aajqcue,SLSN-I,223,2814.218
ZTF18aajrwju,AGN,1038,2824.11
ZTF18aajswer,AGN,562,2769.335
ZTF18aajupnt,AGN,67,421.908
ZTF18aakecej,SN Ia,303,2818.213
ZTF18aakgzwi,AGN,998,2835.1
ZTF18aakkvea,AGN,514,2817.184
ZTF18aakpnyt,AGN,474,2807.211
ZTF18aakqtwt,AGN,10,2562.97
ZTF18aakrnvd,SN IIn,399,2827.209
ZTF18aakvxqj,CV,398,2815.234
ZTF18aakzliv,SN Ia,19,364.123
ZTF18aalsiji,AGN,1276,2822.184
ZTF18aamfsxv,AGN,79,2774.268
ZTF18aamftst,SN IIn,537,2822.223
ZTF18aammlba,CV,95,2182.105
ZTF18aamxzjx,AGN,33,1975.283
ZTF18aamyexb,AGN,1076,2812.168
ZTF18aanlzzf,AGN,296,1559.94
ZTF18aaoecso,AGN,1782,2821.057
ZTF18aaojsvk,AGN,470,2834.111
ZTF18aapgbfm,AGN,150,2799.143
ZTF18aapgrxo,SLSN-I,344,2689.768
ZTF18aapzqup,AGN,84,315.093
ZTF18aaqcdyd,SN Ia,39,2214.023
ZTF18aaqdlxt,AGN,638,2822.264
ZTF18aaqduja,AGN,867,2818.222
ZTF18aaqfziz,SN Ia,322,2818.21
ZTF18aaqiivp,AGN,819,2695.801
ZTF18aaqikyu,CV,175,2716.77
ZTF18aaqjcvv,CV,94,2597.927
ZTF18aaqkcso,SN Ia,60,265.311
ZTF18aaqlblz,AGN,219,2428.169
ZTF18aaqxbvf,AGN,223,2269.983
ZTF18aaqydat,SN Ia,11,12.957
ZTF18aaraifg,CV,16,1418.069
ZTF18aarasof,SN IIn,158,2741.625
ZTF18aarbgrh,AGN,465,2744.726
ZTF18aarrwmi,AGN,468,2754.318
ZTF18aarszsc,AGN,450,2705.35
ZTF18aaspova,AGN,779,2740.676
ZTF18aasrlze,SN Ia,94,54.892
ZTF18aasszwr,AGN,610,2728.227
ZTF18aasuray,AGN,673,2828.252
ZTF18aasxahh,AGN,450,2089.207
ZTF18aatezaj,SN Ia,29,56.884
ZTF18aatxsvu,AGN,979,2994.884
ZTF18aauenwu,SN IIn,1581,2767.649
ZTF18aauhley,AGN,356,2579.919
ZTF18aauuohe,AGN,393,2821.31
ZTF18aauvmnq,SN Ia,14,1171.003
ZTF18aavjoas,CV,541,2988.983
ZTF18aavmrqy,AGN,1301,2989.972
ZTF18aavohdq,AGN,791,2819.259
ZTF18aavrmcg,SLSN-I,837,2816.25
ZTF18aavskep,SN IIn,222,2391.313
ZTF18aavskyg,AGN,285,2988.934
ZTF18aavtklk,AGN,814,2807.212
ZTF18aawdoyf,AGN,416,2703.726
ZTF18aawiilg,SN Ia,21,17.978
ZTF18aawjxgs,CV,48,2315.749
ZTF18aawrmvo,CV,38,2406.268
ZTF18aawuzxa,AGN,98,1949.865
ZTF18aaxcfbt,SN Ia,456,2810.144
ZTF18aaxiuyp,SN Ic,17,2142.073
ZTF18aaxjuwy,SN IIn,41,996.204
ZTF18aaxnnev,AGN,484,2943.019
ZTF18aaxnrhv,AGN,440,2776.364
ZTF18aaxrkqy,AGN,497,2804.234
ZTF18aaxryfw,AGN,614,2694.862
ZTF18aaxxfgs,SN IIn,203,2804.189
ZTF18aaxzpyh,AGN,158,2851.983
ZTF18aaybtnt,CV,133,2834.257
ZTF18aaybvhx,AGN,465,2788.219
ZTF18aaydbyc,CV,22,1624.768
ZTF18aayigdr,AGN,364,2641.929
ZTF18aayiqyq,AGN,187,2923.03
ZTF18aayivxm,SN Ia,16,42.99
ZTF18aaylbyr,AGN,391,2782.251
ZTF18aaylcgr,AGN,705,2800.257
ZTF18aaylcvo,SN Ia,230,2784.232
ZTF18aayltmt,AGN,427,2966.877
ZTF18aazcuno,AGN,1088,2751.734
ZTF18aazppgf,AGN,325,2647.958
ZTF18aazvajy,CV,2191,2839.112
ZTF18abbhlxk,AGN,461,2063.322
ZTF18abbovuc,SN Ic,17,32.989
ZTF18abcbwnd,AGN,267,2635.005
ZTF18abcdzte,AGN,483,2788.228
ZTF18abchinz,AGN,183,2380.653
ZTF18abcleke,CV,865,2786.116
ZTF18abcohew,AGN,741,2765.172
ZTF18abcptmt,SN II,40,2144.001
ZTF18abcyzsf,CV,93,1892.798
ZTF18abdbgza,CV,903,2696.787
ZTF18abdkkwa,SN Ic,42,2270.977
ZTF18abeajml,SN II,54,76.907
ZTF18abeaytd,CV,49,2665.899
ZTF18abecbks,SN Ic,32,75.853
ZTF18abedgvo,AGN,596,2938.018
ZTF18abehrdw,CV,1367,2854.04
ZTF18abeyqpr,SN Ic,24,60.832
ZTF18abfgtcf,AGN,684,2769.206
ZTF18abfsess,CV,78,2588.845
ZTF18abfzhct,SN Ic,34,2124.144
ZTF18abgqbsh,AGN,602,2934.018
ZTF18abgxyfz,CV,37,2276.802
ZTF18abhbjyy,AGN,143,2035.29
ZTF18abhdxwz,CV,29,2429.141
ZTF18abhpyqs,CV,57,2622.825
ZTF18abhqaxd,CV,23,1107.952
ZTF18abhqcfi,CV,246,2728.241
ZTF18abiyatb,CV,549,2902.134
ZTF18abjcyha,CV,231,2752.671
ZTF18abjdnoh,AGN,256,1650.341
ZTF18abjgzxw,AGN,1090,2789.121
ZTF18abjhbss,AGN,1813,2790.173
ZTF18abjlyzc,CV,204,2643.857
ZTF18abjqaxg,CV,21,1834.192
ZTF18abjrbza,SN Ic,1271,2688.701
ZTF18abjrdzt,CV,104,2497.949
ZTF18abjsdwi,CV,20,2825.273
ZTF18abjsjyx,CV,108,2789.36
ZTF18abjwahi,SN Ia,255,2746.377
ZTF18abjyjfe,AGN,210,2702.428
ZTF18abjzaic,CV,35,2722.361
ZTF18abkijlr,CV,117,2905.146
ZTF18abklbam,SN II,10,144.329
ZTF18abkojhi,AGN,1309,2754.258
ZTF18abktleu,CV,627,2740.766
ZTF18abkwfxq,AGN,714,2910.124
ZTF18ablerlf,CV,18,1768.144
ZTF18ablfqxm,CV,45,2349.665
ZTF18ablgqyq,CV,102,2778.084
ZTF18ablovbj,CV,422,2694.814
ZTF18ablqehq,SN IIn,14,111.293
ZTF18ablrlbm,AGN,720,2740.308
ZTF18ablrljh,SN Ia,49,43.962
ZTF18abltfho,SN IIn,32,51.961
ZTF18ablusuz,CV,44,2906.979
ZTF18ablvazp,CV,86,2666.875
ZTF18ablvxdg,AGN,458,2811.176
ZTF18ablvxkh,CV,35,2396.167
ZTF18ablwafp,SLSN-I,34,85.749
ZTF18ablwhde,CV,173,2832.086
ZTF18ablwqqf,CV,84,2898.12
ZTF18ablwrch,CV,41,2843.189
ZTF18abmanuy,CV,326,2903.986
ZTF18abmasep,SLSN-I,536,2692.764
ZTF18abmbdbg,CV,17,31.037
ZTF18abmdoni,CV,39,2645.813
ZTF18abmdpwe,SN II,30,92.753
ZTF18abmefij,AGN,747,2905.087
ZTF18abmfpyr,CV,59,2417.18
ZTF18abmjija,AGN,572,2618.883
ZTF18abmlyil,CV,31,2541.975
ZTF18abmoung,SN Ia,24,41.896
ZTF18abmqrwk,CV,16,21.918
ZTF18abmsxzs,CV,41,2544.07
ZTF18abmwszl,AGN,888,2868.046
ZTF18abmxatl,CV,21,2092.202
ZTF18abmxdhb,SN Ia,47,44.039
ZTF18abnbnoa,CV,73,2660.897
ZTF18abnbxsy,CV,169,2572.876
ZTF18abnnnzk,AGN,380,2896.12
ZTF18abnoplg,CV,58,2867.11
ZTF18abnouoo,CV,435,2896.077
ZTF18abnuark,CV,448,2531.024
ZTF18abnuhuy,AGN,569,2467.016
ZTF18abnvuya,CV,44,2711.365
ZTF18abnvwgk,CV,23,1345.25
ZTF18abnyktn,CV,35,2750.185
ZTF18abnytkt,CV,55,2530.997
ZTF18aboerpp,AGN,718,2725.63
ZTF18abojong,CV,97,2870.164
ZTF18abojrnv,CV,64,2496.151
ZTF18abokhip,CV,231,2896.056
ZTF18abolvoh,SN Ia,994,2894.897
ZTF18abolvzu,AGN,769,2838.037
ZTF18aboshoe,CV,73,1062.051
ZTF18abotthj,AGN,410,2883.09
ZTF18abotzrm,CV,28,2487.224
ZTF18abpmwlt,CV,85,2848.146
ZTF18abqarng,AGN,350,2712.689
ZTF18abqcsdq,CV,15,2748.333
ZTF18abqzouu,AGN,113,2256.886
ZTF18abrcvbu,SN Ia,17,27.893
ZTF18abrnttt,CV,31,2779.233
ZTF18abrqfjs,CV,400,2716.73
ZTF18abrwwzs,CV,44,16.044
ZTF18abrxhun,CV,22,2211.032
ZTF18abrzevn,AGN,664,2715.415
ZTF18absdddn,CV,75,2852.159
ZTF18absewls,AGN,258,2880.052
ZTF18absgmhg,AGN,1584,2885.078
ZTF18absgzlq,CV,113,2735.22
ZTF18abshezu,SLSN-I,40,2882.126
ZTF18abshnzy,CV,56,2327.927
ZTF18absibtp,AGN,246,2731.223
ZTF18absiejw,CV,184,2883.026
ZTF18absioqj,CV,23,2080.189
ZTF18absjiej,CV,17,2505.005
ZTF18abskbng,CV,110,2597.017
ZTF18absldfl,SN II,36,125.774
ZTF18absliyc,SN Ic,17,67.914
ZTF18absltuj,AGN,709,2711.796
ZTF18absmdtd,CV,122,2528.057
ZTF18absmoql,CV,66,2596.015
ZTF18absmpcp,AGN,80,2152.08
ZTF18absnibc,CV,21,2721.337
ZTF18absqkfg,AGN,1090,2878.034
ZTF18absrffm,CV,12,2841.211
ZTF18absrlhv,AGN,2453,2700.319
ZTF18abssoen,CV,621,2748.213
ZTF18absxczg,CV,38,2437.196
ZTF18abtcikd,AGN,735,2848.09
ZTF18abtgnxs,AGN,224,2661.766
ZTF18abthqde,CV,48,2232.979
ZTF18abthvpk,CV,517,2897.993
ZTF18abtjakn,CV,382,2879.149
ZTF18abtlwvs,AGN,977,2851.051
ZTF18abtmeds,AGN,572,2819.253
ZTF18abtmhfz,CV,201,2665.693
ZTF18abtnfmp,AGN,613,2698.814
ZTF18abtoued,AGN,776,2879.079
ZTF18abtrowl,AGN,893,2879.947
ZTF18abtrvrj,CV,67,2670.809
ZTF18abtslka,AGN,412,2866.092
ZTF18abtvbct,CV,158,2850.11
ZTF18abucnqk,CV,167,2877.026
ZTF18abuegjm,AGN,846,2876.038
ZTF18abuesai,AGN,502,2874.134
ZTF18abufgdj,AGN,201,2654.771
ZTF18abuhyjv,SN Ia,26,86.781
ZTF18abujubn,AGN,11,1250.333
ZTF18abumflq,CV,46,1597.82
ZTF18abumssq,CV,71,2635.892
ZTF18abunlhk,AGN,484,2876.073
ZTF18abuoilc,AGN,164,2626.911
ZTF18abuqkdh,AGN,199,2547.992
ZTF18abuwcul,AGN,296,2657.778
ZTF18abvftig,CV,887,2700.833
ZTF18abvgghe,CV,16,101.809
ZTF18abvgjgb,SN IIn,338,2789.649
ZTF18abvgjyl,SLSN-I,356,2767.718
ZTF18abvklbt,AGN,477,2833.075
ZTF18abvnsmh,AGN,884,2873.065
ZTF18abvoyen,CV,54,2655.841
ZTF18abvwpnt,CV,27,2851.091
ZTF18abvwqtp,AGN,830,2871.139
ZTF18abwcgrm,AGN,742,2643.812
ZTF18abwdnml,CV,35,2455.215
ZTF18abwjzpq,CV,90,2861.026
ZTF18abwnpri,CV,149,2601.981
ZTF18abwqbxc,CV,95,2627.859
ZTF18abwugyc,CV,28,2010.3
ZTF18abxcues,CV,320,2716.333
ZTF18abxdker,CV,174,2650.863
ZTF18abxhyqv,AGN,804,2439.334
ZTF18abxmbfq,CV,112,2516.933
ZTF18abxrngw,AGN,370,2857.092
ZTF18abxucht,SN II,36,56.806
ZTF18abxvolr,CV,20,2228.991
ZTF18abxxhqq,CV,41,2513.109
ZTF18abxxhta,CV,124,2843.127
ZTF18abxxngn,CV,38,2550.028
ZTF18abxyutn,CV,105,2454.225
ZTF18abxywlg,CV,109,2647.914
ZTF18abxznky,CV,123,2683.797
ZTF18abyfcns,AGN,1150,2693.902
ZTF18abyjgcx,AGN,237,2677.772
ZTF18abyvbat,CV,73,2553.114
ZTF18abyxwrs,CV,99,2671.807
ZTF18abyzkeq,CV,39,2525.134
ZTF18abyzmsb,CV,41,2643.918
ZTF18abzboft,AGN,268,2665.756
ZTF18abzmujj,CV,73,2813.189
ZTF18abzmxax,CV,40,2580.051
ZTF18abzpxel,CV,91,2640.008
ZTF18abzsimu,AGN,244,2574.92
ZTF18abzylls,AGN,366,2790.229
ZTF18acahbqb,AGN,339,2629.04
ZTF18acaisao,CV,44,2240.907
ZTF18acajosk,CV,83,2778.138
ZTF18acaktuk,CV,165,2663.897
ZTF18acaobkv,AGN,746,2644.942
ZTF18acapkod,CV,58,2570.047
ZTF18acauijl,CV,166,2522.152
ZTF18acaujas,CV,175,2631.888
ZTF18acauwik,AGN,408,2459.023
ZTF18acawxza,CV,43,2490.067
ZTF18acayrgz,AGN,267,2692.347
ZTF18acbuemc,SN II,16,64.839
ZTF18acbvcmw,SN Ia,21,68.777
ZTF18acbvczr,CV,82,2632.925
ZTF18acbvkwl,AGN,254,2657.747
ZTF18acbvmhq,CV,86,2652.903
ZTF18acbweyd,AGN,662,2651.859
ZTF18acbwjyx,CV,51,2592.052
ZTF18acbwkjw,CV,34,1639.357
ZTF18acbwkqu,CV,19,2722.388
ZTF18acbwkso,CV,14,1681.287
ZTF18acbwvsp,SN IIn,41,70.999
ZTF18acbxphq,CV,42,2715.343
ZTF18acbxsge,SN Ia,22,67.873
ZTF18acbyeid,AGN,793,2823.161
ZTF18acbzitw,CV,304,2635.892
ZTF18accdrut,AGN,152,2457.237
ZTF18accdvur,AGN,71,2700.667
ZTF18accjdgs,SN Ia,450,2820.219
ZTF18acckpzv,AGN,262,2649.772
ZTF18accnfrz,SN IIn,140,2693.798
ZTF18accnlhl,AGN,893,2638.901
ZTF18accnlml,AGN,123,2758.677
ZTF18accnyyz,CV,10,30.037
ZTF18accxhhd,AGN,301,2818.179
ZTF18acdvvgx,SN II,347,2632.917
ZTF18acdvvnc,AGN,94,2767.688
ZTF18acdvwvx,CV,119,2718.654
ZTF18acdwmsx,AGN,856,2720.337
ZTF18aceaape,AGN,785,2823.135
ZTF18acealtv,CV,56,2786.197
ZTF18acecpja,CV,90,2630.912
ZTF18acecqjl,CV,149,2632.862
ZTF18acefxko,SN Ia,268,2690.733
ZTF18aceijsp,AGN,1378,2600.944
ZTF18acejejm,AGN,165,2599.934
ZTF18acenqto,SLSN-I,545,2663.846
ZTF18acepwhb,SN Ia,194,2627.838
ZTF18aceqrrs,SN Ic,91,2716.76
ZTF18acetnxh,AGN,10,55.983
ZTF18acfvhko,AGN,10,2587.938
ZTF18acgdepq,CV,111,2814.196
ZTF18acgphfu,AGN,1873,2812.08
ZTF18acgqweq,AGN,342,2648.753
ZTF18acgusct,CV,38,2687.672
ZTF18acgvhxo,AGN,726,2724.653
ZTF18achbuhn,AGN,328,2713.814
ZTF18achcpwu,SN Ic,25,132.72
ZTF18achdidy,SLSN-I,17,61.962
ZTF18achfdlr,CV,157,2589.835
ZTF18achkbum,CV,27,2495.156
ZTF18achszwx,AGN,633,2667.735
ZTF18achtnvk,SN II,57,105.78
ZTF18acjpret,SN IIn,67,1468.026
ZTF18acnadpj,CV,38,2536.012
ZTF18acnbgrb,SN Ia,23,65.038
ZTF18acnnrar,AGN,289,2701.701
ZTF18acnnxzz,SN Ia,234,2734.683
ZTF18acpdwoa,AGN,340,2734.73
ZTF18acpfelg,AGN,839,2666.734
ZTF18acpuiwv,CV,105,2615.921
ZTF18acpuxuh,SN Ia,10,38.855
ZTF18acqighv,AGN,68,2728.644
ZTF18acqphpd,SN Ic,22,81.947
ZTF18acqvqpi,AGN,333,2631.966
ZTF18acrcfax,CV,75,2777.115
ZTF18acrcogn,SN II,22,66.76
ZTF18acrcpbe,CV,85,2753.121
ZTF18acrcybx,CV,55,2618.819
ZTF18acrgunw,SN Ia,14,37.975
ZTF18acrhfbk,AGN,70,2734.809
ZTF18acrlmvt,SN Ia,28,72.835
ZTF18acrtvmm,SN II,28,106.78
ZTF18acrtykk,SN Ia,19,1721.099
ZTF18acruvgj,AGN,293,2610.917
ZTF18acrxnfr,CV,512,2684.72
ZTF18acrygfl,AGN,205,2703.729
ZTF18acsjdxo,CV,26,2122.228
ZTF18acsjrbc,SN Ic,24,38.007
ZTF18acsjzcl,CV,35,2576.083
ZTF18acsvogv,CV,27,721.04
ZTF18acswkeb,CV,105,2534.009
ZTF18acswlfw,CV,29,2320.35
ZTF18acsxguy,CV,49,2395.305
ZTF18actwrnh,CV,36,2523.074
ZTF18acuatde,CV,13,24.164
ZTF18acuavde,AGN,296,2617.838
ZTF18acuepcb,AGN,703,2754.675
ZTF18acufhuz,AGN,677,2770.644
ZTF18acuqskr,SN II,17,60.759
ZTF18acvbigh,AGN,251,2524.12
ZTF18acvbpcv,CV,47,2394.234
ZTF18acvgjqv,SN IIn,72,430.81
ZTF18acvgnil,AGN,23,175.756
ZTF18acvhqfj,AGN,731,2611.946
ZTF18acvjhht,AGN,610,2770.649
ZTF18acvqeua,CV,46,2295.956
ZTF18acwugwx,AGN,670,2636.913
ZTF18acwwkxt,CV,107,2676.712
ZTF18acwwkyl,AGN,341,2674.733
ZTF18acwycwi,CV,238,2752.714
ZTF18acwzyor,SN IIn,50,2241.838
ZTF18acxcokz,AGN,571,2651.669
ZTF18acxcttu,AGN,422,2719.651
ZTF18acxgqxq,SLSN-I,13,51.005
ZTF18acxhvzb,AGN,80,2283.964
ZTF18acxiffk,CV,66,2456.225
ZTF18acxwtbe,CV,22,2180.002
ZTF18acyonld,CV,66,2285.959
ZTF18acyxnyw,SLSN-I,49,156.694
ZTF18aczergg,AGN,709,2604.925
ZTF18aczexlh,AGN,434,2705.776
ZTF18aczfdlm,CV,64,2425.102
ZTF18aczqzrj,SN Ic,17,50.711
ZTF18aczyagh,AGN,170,2644.97
ZTF18aczygck,CV,54,2257.017
ZTF18adachkc,AGN,377,2760.75
ZTF18adaifgd,CV,12,2147.177
ZTF18adaifhl,CV,20,2631.913
ZTF18adaldgc,AGN,162,2722.785
ZTF18adallcx,AGN,400,2065.627
ZTF18adasisj,SN Ic,24,66.948
ZTF18adatosi,SN Ia,12,42.89
ZTF18adayxxz,CV,121,2642.883
ZTF18adazblo,SN II,28,111.791
ZTF18adazgdh,SN Ia,31,42.758
ZTF18adbacli,AGN,639,2766.664
ZTF18adbacqi,AGN,315,2748.669
ZTF18adbihlb,CV,38,2686.711
ZTF18adbinya,AGN,261,2752.649
ZTF18adbmrug,SN IIn,25,306.142
ZTF18adhzhfw,CV,48,1887.936
ZTF18adiaqui,CV,14,1401.05
ZTF18adiqzzp,AGN,256,1256.803
ZTF18adjkwyk,AGN,215,1454.143
ZTF18adjoimi,AGN,20,737.884
ZTF19aaacdto,AGN,236,2289.791
ZTF19aaafqfi,AGN,473,2615.935
ZTF19aaahoap,CV,52,2505.128
ZTF19aaaicmw,AGN,376,2341.668
ZTF19aaaiosa,CV,13,2178.201
ZTF19aaaiszg,AGN,313,2587.944
ZTF19aaaizjh,CV,17,2455.277
ZTF19aaajarm,AGN,261,2619.904
ZTF19aabfzin,AGN,67,1409.04
ZTF19aabhktg,CV,54,2534.042
ZTF19aabimbg,CV,37,23.998
ZTF19aabyoce,CV,54,2568.985
ZTF19aabyxhe,AGN,231,2726.714
ZTF19aaciohh,AGN,229,1237.881
ZTF19aacipwt,AGN,394,2716.72
ZTF19aacomym,AGN,433,2701.36
ZTF19aacwjfb,AGN,63,2653.835
ZTF19aacxrab,SLSN-I,21,93.803
ZTF19aademoc,AGN,504,2701.778
ZTF19aadfumv,AGN,245,2726.714
ZTF19aadggnt,AGN,166,2360.693
ZTF19aadgimr,SN IIn,97,232.643
ZTF19aadkzep,AGN,290,2589.9
ZTF19aadnmgf,SN Ia,18,78.73
ZTF19aadnwvc,SN Ia,12,32.977
ZTF19aadnxgj,SN Ia,13,54.975
ZTF19aadpxek,CV,62,2563.013
ZTF19aadttht,SN Ic,51,216.629
ZTF19aadufor,CV,68,2726.746
ZTF19aadwtoe,SN Ic,26,2426.324
ZTF19aaefsad,AGN,409,2738.297
ZTF19aaeftfc,CV,21,2461.162
ZTF19aaerbzy,SN IIn,479,2616.876
ZTF19aaezale,SN IIn,101,201.672
ZTF19aafcgif,AGN,249,2643.903
ZTF19aaflcgn,AGN,11,1910.949
ZTF19aaflhah,AGN,88,2612.788
ZTF19aafltef,AGN,363,2682.848
ZTF19aafmwcu,AGN,225,2683.799
ZTF19aafmyow,SN Ic,89,232.637
ZTF19aafnecv,SN Ia,22,88.895
ZTF19aagnhug,AGN,12,95.734
ZTF19aagzanb,AGN,601,2579.963
ZTF19aailcgs,SN Ic,34,93.778
ZTF19aailepg,SN II,66,146.736
ZTF19aailpwl,AGN,273,769.959
ZTF19aailvgo,SN Ia,13,57.873
ZTF19aaingkb,AGN,143,744.002
ZTF19aaiohcc,AGN,246,2229.959
ZTF19aaippyv,AGN,596,2655.841
ZTF19aaipqls,AGN,186,2596.07
ZTF19aajwhse,SN Ia,64,2673.832
ZTF19aajwlap,AGN,150,2540.953
ZTF19aajwtkb,AGN,25,2513.019
ZTF19aaklfkk,CV,53,2579.042
ZTF19aaknqmp,SLSN-I,13,45.953
ZTF19aakpccq,SN II,17,63.817
ZTF19aakpcuw,SN Ic,30,118.807
ZTF19aakpkto,CV,55,2534.051
ZTF19aakswwb,AGN,17,36.06
ZTF19aaksxgp,SN IIn,22,79.921
ZTF19aaktorq,AGN,539,2681.795
ZTF19aakxogv,AGN,12,811.952
ZTF19aakyofv,CV,20,2511.153
ZTF19aalfjvu,AGN,146,1325.171
ZTF19aaljeup,SN Ia,10,28.916
ZTF19aalwfly,CV,276,2563.096
ZTF19aalxsfe,AGN,561,2590.968
ZTF19aalzdfg,AGN,349,2671.86
ZTF19aamfupg,CV,14,1597.353
ZTF19aamgeup,CV,31,2538.064
ZTF19aamiwwa,AGN,163,2646.902
ZTF19aamjjcx,AGN,771,2704.319
ZTF19aamkdtq,SN Ia,30,44.012
ZTF19aamnvaq,CV,47,2504.062
ZTF19aampokl,CV,64,2564.945
ZTF19aamqfxq,SN Ia,61,85.791
ZTF19aamqlah,CV,70,2478.264
ZTF19aamsetj,SN Ic,26,59.026
ZTF19aamsoze,AGN,321,2637.004
ZTF19aamtdws,CV,40,2579.031
ZTF19aamtwwv,SN Ia,16,39.904
ZTF19aamvape,SN II,81,127.706
ZTF19aamwyzl,SN Ia,19,2453.186
ZTF19aamyzoo,CV,24,2499.147
ZTF19aanepuf,CV,33,2591.991
ZTF19aanesgt,SLSN-I,15,38.979
ZTF19aanetjx,SN Ia,33,1297.314
ZTF19aanfqug,SN IIn,18,52.006
ZTF19aanfrmq,AGN,497,2623.987
ZTF19aanfukh,SN Ic,24,79.0
ZTF19aangwaa,AGN,407,2634.909
ZTF19aanhffu,CV,17,2518.19
ZTF19aanhhal,SN II,49,114.964
ZTF19aanijpu,SN Ic,48,148.851
ZTF19aaniore,SN II,70,123.699
ZTF19aanneuv,CV,56,2532.02
ZTF19aanpgdu,CV,12,47.996
ZTF19aanqzhm,SN IIn,13,29.066
ZTF19aanujan,CV,13,12.083
ZTF19aaodojg,CV,67,2455.646
ZTF19aaodsna,CV,27,2344.709
ZTF19aaoiawb,AGN,268,2519.069
ZTF19aaojljx,AGN,568,2501.076
ZTF19aaokist,SN Ia,40,65.941
ZTF19aaozsuh,SN IIn,180,2665.868
ZTF19aapafqd,SN II,61,132.731
ZTF19aapbfot,SN II,38,91.714
ZTF19aapbsrv,CV,50,2471.192
ZTF19aapcnzi,SN II,10,26.982
ZTF19aapqcnf,AGN,167,2639.957
ZTF19aapqrsh,SN Ia,14,62.98
ZTF19aaprdox,AGN,467,2663.874
ZTF19aapwlhg,CV,77,2401.646
ZTF19aapzrfg,AGN,435,2661.81
ZTF19aaqasrq,SN IIn,32,82.896
ZTF19aaqcqkv,SN Ia,30,74.993
ZTF19aaqhmju,AGN,112,2625.943
ZTF19aaqstxo,CV,105,2345.871
ZTF19aaqtsky,AGN,839,2391.686
ZTF19aarfyvc,SN Ic,26,76.922
ZTF19aargcuk,CV,71,2318.872
ZTF19aarhrru,AGN,13,141.338
ZTF19aarphwc,SLSN-I,82,102.766
ZTF19aarpymc,AGN,623,2411.632
ZTF19aarxrem,SN IIn,12,35.943
ZTF19aaryexs,AGN,13,37.883
ZTF19aasekcx,SN IIn,60,296.231
ZTF19aatheus,SN Ic,34,94.878
ZTF19aathllr,SN II,35,91.767
ZTF19aatihek,CV,29,90.87
ZTF19aatjfny,AGN,320,2620.037
ZTF19aaugoig,SN Ia,22,60.025
ZTF19aauhhjy,SN Ia,17,49.984
ZTF19aauitks,SN Ia,22,47.967
ZTF19aaumdqx,CV,34,2203.059
ZTF19aaunjft,CV,29,2301.765
ZTF19aauptux,CV,29,2206.956
ZTF19aaustkj,CV,127,2260.857
ZTF19aauxfaw,CV,30,2576.004
ZTF19aavajub,CV,35,1856.977
ZTF19aavdioh,CV,35,2209.979
ZTF19aavjukt,SN IIn,42,114.698
ZTF19aavnuur,SN II,19,46.015
ZTF19aavolzm,CV,49,2347.851
ZTF19aavouyw,SLSN-I,25,45.85
ZTF19aavoweu,SN Ic,15,30.962
ZTF19aavybbf,CV,45,2477.258
ZTF19aavyvbn,SN IIn,42,203.358
ZTF19aaweqnm,AGN,936,2612.907
ZTF19aawevyv,CV,72,1790.043
ZTF19aawfbtg,SLSN-I,121,2552.037
ZTF19aawqckx,SN Ia,73,80.943
ZTF19aawrpwn,CV,36,60.975
ZTF19aawrumx,SN Ia,55,67.955
ZTF19aawscqd,AGN,490,2574.041
ZTF19aawsday,SN Ic,14,69.98
ZTF19aaxbzqp,CV,13,31.011
ZTF19aaxfzao,SN Ia,64,86.925
ZTF19aaxhzol,AGN,117,2605.032
ZTF19aaxibpz,SN Ia,21,42.987
ZTF19aaxnsjl,CV,36,2392.686
ZTF19aaxzdtw,SN Ic,19,42.876
ZTF19aayfhtc,CV,15,23.957
ZTF19aayhvar,CV,52,2582.0
ZTF19aayjien,AGN,325,2603.844
ZTF19aaynnae,AGN,331,2602.959
ZTF19aaysjah,AGN,388,2583.979
ZTF19aaytisr,CV,108,2582.982
ZTF19aayurjv,CV,100,2594.793
ZTF19aayvpbf,AGN,406,2600.916
ZTF19aayvyfa,AGN,1239,2583.03
ZTF19aazdroc,AGN,446,2589.967
ZTF19aazgdlv,CV,52,2430.32
ZTF19aaziqbb,CV,78,1456.039
ZTF19aazlpqy,AGN,466,2598.891
ZTF19aazodnk,CV,22,125.77
ZTF19aazrnvw,CV,26,2380.779
ZTF19abaejrh,SN Ia,13,35.028
ZTF19abafmwj,SN Ic,15,33.96
ZTF19abagewd,CV,30,2514.141
ZTF19abahjuv,CV,23,2168.964
ZTF19abaivcy,CV,37,2576.001
ZTF19abalrzb,CV,31,2588.852
ZTF19abalyyh,CV,35,2567.972
ZTF19abandzh,SN IIn,26,28.019
ZTF19abasljb,CV,46,2213.878
ZTF19abauylg,SN Ic,55,73.919
ZTF19abbxvlp,AGN,896,2608.897
ZTF19abbyvpr,AGN,388,2551.073
ZTF19abccbee,CV,20,1584.825
ZTF19abceftq,AGN,230,2583.979
ZTF19abcegvm,SN Ic,61,2581.035
ZTF19abcejfo,SN IIn,69,200.645
ZTF19abcejrr,SN II,34,97.872
ZTF19abcemxn,CV,15,1884.915
ZTF19abcfzdy,SN Ia,16,38.951
ZTF19abclykm,AGN,1104,2366.709
ZTF19abcmhpj,CV,26,2249.856
ZTF19abcomui,CV,15,2195.169
ZTF19abcoosk,CV,10,23.069
ZTF19abcsyho,AGN,611,2578.95
ZTF19abdkbcx,AGN,49,1537.883
ZTF19abdlffo,AGN,223,2577.985
ZTF19abdoior,SN Ic,14,39.98
ZTF19abdolkk,CV,15,1454.148
ZTF19abdqfdd,CV,37,1588.945
ZTF19abdqhzt,CV,31,28.03
ZTF19abdrwsz,SN Ia,39,108.818
ZTF19abdviwl,SN IIn,40,105.777
ZTF19abecaca,SN IIn,178,383.886
ZTF19abegizf,SN II,24,38.955
ZTF19abegkxo,AGN,86,2000.688
ZTF19abegxfs,SN IIn,37,93.958
ZTF19abfibel,SN Ia,42,86.869
ZTF19abfjjbi,AGN,90,1799.123
ZTF19abfvnns,SLSN-I,126,2126.055
ZTF19abgcnzi,CV,21,792.97
ZTF19abgczul,CV,21,2308.816
ZTF19abgitjn,CV,44,2270.952
ZTF19abgiwkt,SN II,166,2567.039
ZTF19abgknfb,CV,56,2549.997
ZTF19abgncfz,SN II,32,45.961
ZTF19abgueit,CV,16,514.77
ZTF19abguqsi,SN II,21,74.799
ZTF19abhbiqq,CV,120,2497.228
ZTF19abhelmm,AGN,335,1439.021
ZTF19abhvryy,AGN,254,2279.793
ZTF19abhzewi,SN Ia,26,72.911
ZTF19abipmfl,SN Ia,12,26.933
ZTF19abitexk,AGN,30,2047.201
ZTF19abjacdu,SN IIn,730,562.72
ZTF19abjmnlw,AGN,424,2556.037
ZTF19abjnwcy,AGN,316,2544.088
ZTF19abjpntj,SN II,75,118.752
ZTF19abkhmcv,AGN,349,2271.793
ZTF19abkxeft,SN II,42,1088.978
ZTF19abljehr,CV,42,2161.07
ZTF19abllcvf,CV,16,2507.073
ZTF19ablojrw,SN IIn,20,38.979
ZTF19ablpwta,AGN,987,2562.013
ZTF19ablujxj,CV,97,2291.794
ZTF19ablwwox,CV,10,38.988
ZTF19abmmksy,AGN,374,1506.787
ZTF19abnacvf,SLSN-I,30,65.036
ZTF19abnagzk,SN Ia,65,63.809
ZTF19abonixj,CV,23,2209.931
ZTF19abpbbxx,SN Ia,22,72.851
ZTF19abpbopt,SLSN-I,83,92.767
ZTF19abpidqn,SN IIn,18,24.017
ZTF19abpnpcy,CV,28,2217.877
ZTF19abppewc,CV,25,16.035
ZTF19abpuyvi,CV,51,1973.33
ZTF19abpvyac,CV,15,2353.716
ZTF19abpwygn,CV,22,1201.91
ZTF19abpxmgt,AGN,10,25.986
ZTF19abpzuzd,SN Ia,49,73.734
ZTF19abqgwuy,SN Ia,48,98.835
ZTF19abqivge,CV,85,2224.982
ZTF19abqmsbk,SN Ic,14,42.962
ZTF19abqviuy,SN Ia,34,60.823
ZTF19abqykyd,SN Ia,22,52.96
ZTF19abraqpf,CV,26,1759.158
ZTF19abrbmvt,SN II,79,2465.07
ZTF19abrhdui,CV,41,2181.996
ZTF19abrougq,CV,37,2442.306
ZTF19abrsuah,SN Ia,12,40.898
ZTF19abtsnyy,SN Ic,56,2527.992
ZTF19abueupg,SN II,123,87.827
ZTF19abulzhy,SN IIn,76,53.82
ZTF19abuzohq,AGN,18,2333.751
ZTF19abvhkst,SN Ia,96,2495.049
ZTF19abvixoy,CV,42,2239.008
ZTF19abwsfsl,CV,22,1800.129
ZTF19abwtgqb,AGN,290,2341.668
ZTF19abxeoee,CV,51,2345.372
ZTF19abxgmzr,SLSN-I,24,56.911
ZTF19abxhtzs,AGN,137,2176.028
ZTF19abxihut,SN Ia,14,52.867
ZTF19abxivpg,CV,11,15.064
ZTF19abxnycf,SN II,35,142.72
ZTF19abxrdlu,CV,22,2129.174
ZTF19abxvksn,CV,28,33.042
ZTF19abxvkvc,CV,20,30.018
ZTF19abxvmid,AGN,150,2352.763
ZTF19abxxedn,AGN,12,1833.974
ZTF19abxzumq,CV,13,22.031
ZTF19abydagb,CV,105,2281.902
ZTF19abyfxzl,CV,54,1923.735
ZTF19abyihtb,AGN,44,2270.021
ZTF19abyjmei,AGN,507,2364.683
ZTF19abylcik,CV,62,2173.097
ZTF19abylxyt,SN Ia,14,492.699
ZTF19abymukc,SN II,20,61.028
ZTF19abzlsbl,SN Ia,38,48.897
ZTF19abzmmvz,SN IIn,16,43.979
ZTF19abzpkss,CV,19,11.999
ZTF19abzrdup,SN II,71,166.717
ZTF19abzsjpn,SN Ia,16,44.726
ZTF19abztwyf,AGN,74,2327.408
ZTF19abzulhk,SN Ia,74,59.047
ZTF19abzwbxy,CV,18,1476.045
ZTF19abzzgec,SN Ia,17,45.009
ZTF19abzzuin,CV,37,125.811
ZTF19acaiora,CV,17,2312.754
ZTF19acajaak,CV,54,2351.693
ZTF19acapech,SN IIn,189,506.754
ZTF19acaqoef,SN Ic,198,165.907
ZTF19acawgrs,CV,15,57.98
ZTF19acawqlu,CV,25,1922.996
ZTF19acaxfkb,CV,22,2083.195
ZTF19acbnhkd,SN Ia,27,55.836
ZTF19acbonaa,SLSN-I,44,139.686
ZTF19acbphzu,CV,60,2452.151
ZTF19acbveqm,CV,189,2337.781
ZTF19acccyyt,AGN,381,2401.657
ZTF19accczao,AGN,498,2401.657
ZTF19acchjle,SN Ia,23,55.854
ZTF19acclxtn,CV,25,2412.249
ZTF19accvbkv,CV,35,1640.228
ZTF19acdacji,CV,17,1964.781
ZTF19acduaik,AGN,606,2307.814
ZTF19acdxkek,SN II,11,35.875
ZTF19aceckmm,SN II,55,143.815
ZTF19acecvsm,CV,32,2166.168
ZTF19aceifef,CV,13,12.007
ZTF19acendsf,CV,29,2122.217
ZTF19acenkuz,CV,53,27.039
ZTF19acennqf,SN Ia,12,22.963
ZTF19aceqjqw,SN Ic,10,27.071
ZTF19aceqlxc,SN IIn,161,2161.039
ZTF19acercun,CV,18,1154.029
ZTF19acewdru,AGN,124,1803.056
ZTF19acfmwlh,SN Ia,20,38.908
ZTF19acfrhnq,CV,60,143.707
ZTF19acfvzmr,CV,22,582.283
ZTF19acfwynw,SLSN-I,27,87.922
ZTF19acgfvvi,SN II,21,35.964
ZTF19acgjpgh,SLSN-I,49,186.648
ZTF19acgkead,AGN,266,2462.237
ZTF19achbhfc,CV,41,33.11
ZTF19achcdju,CV,16,18.008
ZTF19acidatw,AGN,151,2344.728
ZTF19acigwcg,CV,109,2223.985
ZTF19aciuhwi,CV,12,15.032
ZTF19acjfhom,SN Ia,13,53.962
ZTF19acjiett,CV,26,1570.814
ZTF19acjtmjp,CV,24,1942.447
ZTF19acjtpqd,SN Ic,72,258.147
ZTF19acjtrst,CV,11,2058.204
ZTF19ackjrru,SLSN-I,124,110.787
ZTF19ackjtfm,SN II,36,167.835
ZTF19aclhpiz,AGN,43,1972.717
ZTF19aclkofz,CV,25,2096.234
ZTF19acllsbq,SN Ic,16,77.876
ZTF19aclobbu,SN II,156,272.177
ZTF19acnskyy,AGN,215,1303.67
ZTF19acnxvkp,AGN,65,46.037
ZTF19acojuzv,SN Ia,54,111.706
ZTF19acokzjy,SN Ia,23,80.777
ZTF19acozbwk,CV,14,2021.373
ZTF19acpmpvh,CV,32,2029.262
ZTF19acrbzdn,CV,68,1963.701
ZTF19acrdtah,CV,69,2180.214
ZTF19acryurj,SN II,51,90.822
ZTF19acszmgx,SN II,30,100.641
ZTF19acszwgx,CV,15,2139.087
ZTF19actabny,SN IIn,66,168.727
ZTF19acukucu,SN IIn,20,62.782
ZTF19aculisr,CV,27,2099.152
ZTF19acvmcdd,SN II,27,81.938
ZTF19acvtvlo,SN Ia,15,53.801
ZTF19acxgueu,CV,54,2002.333
ZTF19acxmnkc,SN IIn,34,47.939
ZTF19acxphhl,SN Ia,52,35.957
ZTF19acxpwil,AGN,599,2357.658
ZTF19acxqaot,SN IIn,47,211.667
ZTF19acxxspb,CV,29,2251.92
ZTF19acxzbad,CV,38,1796.103
ZTF19acyfakk,SN Ia,62,76.064
ZTF19acyfhnn,CV,46,1923.01
ZTF19acyfkzd,SN Ia,16,46.951
ZTF19acyggzu,SN Ic,77,83.892
ZTF19acyjviz,SN IIn,72,87.919
ZTF19acyjzbe,SLSN-I,41,50.781
ZTF19acykaae,SN IIn,40,190.668
ZTF19acyldun,SN IIn,27,41.961
ZTF19acymuht,CV,64,2248.839
ZTF19acyogrm,SN Ic,41,68.012
ZTF19acyupee,CV,25,2104.283
ZTF19aczjyre,SN Ia,21,120.75
ZTF19adaiibn,AGN,195,2303.735
ZTF19adaivcf,SLSN-I,177,75.916
ZTF19adaiyql,AGN,270,2318.686
ZTF19adajivt,SN Ia,17,39.82
ZTF19adakybi,CV,32,2054.238
ZTF19adannbl,SN IIn,19,60.858
ZTF19adbkvnr,CV,60,1962.812
ZTF19adbqznr,CV,50,21.033
ZTF19adbryab,SN II,26,66.893
ZTF19adccrca,SN II,147,77.876
ZTF19adcddzk,AGN,345,1055.019
ZTF19addgtqm,CV,37,936.687
ZTF19adgooar,SN II,64,187.635
ZTF20aaaddgy,SN IIn,68,57.959
ZTF20aaavxvy,CV,16,2189.017
ZTF20aaaweke,SN IIn,237,407.872
ZTF20aaaydnj,AGN,49,1251.709
ZTF20aabcemq,SN IIn,69,350.065
ZTF20aacbyec,SN IIn,72,179.719
ZTF20aacdfyv,SN Ic,28,112.874
ZTF20aacewxb,SN II,13,42.018
ZTF20aadtarr,SN IIn,67,414.855
ZTF20aadxrvb,SN IIn,35,2263.822
ZTF20aadyyvk,SN IIn,184,87.92
ZTF20aadzfzy,CV,40,1536.94
ZTF20aaeiols,CV,11,2079.615
ZTF20aaekkuv,SN Ic,13,38.91
ZTF20aaelulu,SN Ic,58,111.685
ZTF20aaetsrw,AGN,117,410.908
ZTF20aaewhin,CV,13,1002.152
ZTF20aafdzfo,AGN,301,1510.92
ZTF20aafvzhu,SN Ia,37,40.971
ZTF20aafwbcs,SN Ia,16,29.981
ZTF20aafxzej,AGN,388,2264.913
ZTF20aaggyef,AGN,145,2294.759
ZTF20aagjpmt,SN II,26,47.903
ZTF20aahapgw,SN IIn,45,251.197
ZTF20aahbfmf,SLSN-I,23,71.812
ZTF20aahcrjn,CV,19,1065.161
ZTF20aahcslg,CV,11,10.892
ZTF20aahidaa,SN Ia,11,20.011
ZTF20aaidnku,CV,10,15.112
ZTF20aaiftgi,SN Ic,13,38.921
ZTF20aaifybu,SLSN-I,47,135.793
ZTF20aaifyrs,SN Ia,23,62.963
ZTF20aaimqhh,CV,37,2191.059
ZTF20aajvyja,SN IIn,165,268.567
ZTF20aaknyvm,AGN,104,1900.763
ZTF20aakugak,CV,18,1714.333
ZTF20aakzbfh,SN II,26,1314.633
ZTF20aalbjqh,SN Ia,12,32.001
ZTF20aalbtwh,SN II,13,25.042
ZTF20aamamnp,SN II,21,73.944
ZTF20aamazzl,SN II,39,54.936
ZTF20aamdlml,CV,26,2024.782
ZTF20aamdsjv,SN Ia,32,52.925
ZTF20aamdyln,SN Ic,12,79.792
ZTF20aamihhs,AGN,105,2340.631
ZTF20aamknna,SN Ia,11,29.978
ZTF20aammtwx,SN Ic,24,65.024
ZTF20aamqmhj,SN Ic,32,22.143
ZTF20aamrreb,SN IIn,81,2208.955
ZTF20aamttiw,SN II,73,158.807
ZTF20aamxuwl,SN II,13,62.935
ZTF20aanlygx,AGN,410,2206.987
ZTF20aanxcpf,AGN,543,1870.982
ZTF20aaobxzx,CV,11,1833.988
ZTF20aaomeaa,SN Ia,11,17.057
ZTF20aapfiby,CV,44,2167.956
ZTF20aapycrh,SN II,54,1185.891
ZTF20aaqrddh,SN Ia,23,38.05
ZTF20aaqtlwo,SN Ic,53,93.779
ZTF20aartnkv,SN IIn,40,88.941
ZTF20aasiuxr,CV,53,1581.791
ZTF20aasivtu,AGN,959,2163.06
ZTF20aaspiic,AGN,345,2315.681
ZTF20aaspwvx,CV,13,1516.911
ZTF20aastgns,AGN,231,2254.897
ZTF20aasuiks,AGN,48,433.832
ZTF20aaswzdm,SN IIn,20,55.986
ZTF20aatppnn,SN Ia,15,43.97
ZTF20aatqief,SN Ia,20,58.938
ZTF20aatsjyu,CV,10,8.079
ZTF20aattyuz,SLSN-I,50,60.836
ZTF20aattztb,SN IIn,67,128.713
ZTF20aatvqqw,CV,12,2139.134
ZTF20aatvupb,SN II,11,35.967
ZTF20aatxmcd,SN II,16,77.904
ZTF20aauomaf,SN Ia,19,54.854
ZTF20aauonhf,CV,36,1908.941
ZTF20aaurern,CV,30,1527.975
ZTF20aaurfwa,SN IIn,129,243.115
ZTF20aavgcnu,SN Ic,10,31.049
ZTF20aavhixe,SN IIn,32,86.937
ZTF20aavhyel,SN Ic,35,88.873
ZTF20aavptjf,SN II,31,64.948
ZTF20aavtaib,CV,67,1859.944
ZTF20aavtfxl,CV,56,1731.056
ZTF20aawbodq,CV,17,31.041
ZTF20aawbxmt,AGN,717,2106.178
ZTF20aawgrcu,SN II,128,108.914
ZTF20aawigqc,CV,25,28.025
ZTF20aawijco,SN IIn,33,90.856
ZTF20aawjbsf,SN II,10,22.028
ZTF20aawxpru,SN II,20,93.972
ZTF20aawxtmm,CV,15,840.835
ZTF20aayprqz,SLSN-I,69,90.966
ZTF20aayvuwu,AGN,135,2093.107
ZTF20aazbbqo,AGN,138,2066.178
ZTF20aazcnnw,CV,30,2092.26
ZTF20aazffau,SN IIn,222,233.771
ZTF20aazhtvi,SN Ia,88,76.9
ZTF20aazpyhy,SN Ic,67,65.85
ZTF20aazquhc,SN Ia,20,46.99
ZTF20aazvump,CV,10,31.983
ZTF20abafjtw,CV,10,21.932
ZTF20abafqkq,CV,18,1942.779
ZTF20abakrcq,CV,35,2183.039
ZTF20abazeye,CV,15,22.948
ZTF20abbbumr,SN Ia,17,40.981
ZTF20abbvqww,CV,33,2150.148
ZTF20abeezca,SN Ic,11,23.035
ZTF20abeglzu,SN Ia,41,76.946
ZTF20abeohfn,SN II,99,337.102
ZTF20abeokzg,AGN,224,2134.192
ZTF20abezylf,CV,16,1899.961
ZTF20abfrdei,AGN,18,29.995
ZTF20abgbwbe,AGN,194,2196.054
ZTF20abgfegv,CV,29,21.018
ZTF20abgrory,CV,31,108.826
ZTF20abgxlut,AGN,104,326.148
ZTF20abgxwyt,CV,30,1637.865
ZTF20abhfrxt,CV,14,29.022
ZTF20abjapox,AGN,48,701.03
ZTF20abjatqy,SN II,52,127.832
ZTF20abjimko,CV,15,1785.084
ZTF20abjnqcj,CV,26,1492.079
ZTF20abjorou,CV,61,28.083
ZTF20abjtwft,CV,13,848.774
ZTF20abjucyd,CV,26,1947.884
ZTF20abjuxoy,SN II,92,143.675
ZTF20abjyoty,SN II,60,148.745
ZTF20abjyzhj,CV,59,2191.11
ZTF20abkfkze,CV,22,1424.147
ZTF20abkiarz,SN Ic,11,12.054
ZTF20ablxtlp,SN Ia,25,35.941
ZTF20ablyczu,CV,149,90.899
ZTF20abmapla,SN Ia,20,67.921
ZTF20abmdfcy,SN Ia,49,39.955
ZTF20abmdplx,AGN,561,2029.681
ZTF20abmgzuf,CV,48,1941.855
ZTF20abmxstg,SN Ia,57,49.81
ZTF20abmzfql,SN Ia,80,68.876
ZTF20abnsqsr,CV,33,1904.877
ZTF20abobpcb,SLSN-I,167,1038.919
ZTF20abonvte,SN IIn,55,91.805
ZTF20abopngr,CV,35,32.998
ZTF20aborzxc,SN Ic,25,80.868
ZTF20abotkfn,SN II,177,932.725
ZTF20abpbfzp,AGN,194,2188.891
ZTF20abpbmxi,CV,19,1808.061
ZTF20abpsbyg,SN Ia,25,52.975
ZTF20abpuwxl,SLSN-I,76,140.695
ZTF20abpuxcc,SN Ic,15,78.794
ZTF20abpuxna,SN II,62,88.853
ZTF20abpvhqv,SN Ic,29,87.966
ZTF20abpvolc,SN Ia,87,75.886
ZTF20abpwtmi,CV,1473,2013.224
ZTF20abqdkne,SN Ic,69,69.908
ZTF20abqetet,SN Ia,56,49.952
ZTF20abqgbum,SN IIn,32,28.999
ZTF20abqlmwn,SN II,101,197.69
ZTF20abqvsik,SN Ia,166,941.714
ZTF20abrgylo,CV,35,1932.816
ZTF20abtjjhb,SN IIn,91,91.747
ZTF20abtkjfw,SN Ic,31,86.84
ZTF20abvtozi,SN Ia,174,105.745
ZTF20abvvnqh,SN Ic,32,59.796
ZTF20abwxywy,SN Ic,95,132.727
ZTF20abxpoxd,SN Ic,289,377.964
ZTF20abxxzxy,SN Ia,23,33.023
ZTF20abxyaaf,SN Ic,70,110.778
ZTF20abxyayj,AGN,449,1982.642
ZTF20abxyfye,SN Ia,44,58.876
ZTF20abxzwuc,AGN,22,24.914
ZTF20abychpb,CV,15,1348.131
ZTF20abywsut,SN Ic,41,55.797
ZTF20abywydb,SN II,43,63.866
ZTF20abyxjvm,SN IIn,65,97.75
ZTF20abzcokk,CV,36,22.874
ZTF20abzhwtq,SN Ia,27,37.874
ZTF20abzumlr,SLSN-I,28,152.297
ZTF20abzvxyk,SN Ia,82,47.899
ZTF20acauthg,SN Ia,85,57.95
ZTF20acbekkx,SN IIn,83,120.75
ZTF20acbiwri,SN II,52,100.872
ZTF20accbsxa,SN Ic,26,34.846
ZTF20accoccp,SN Ic,17,46.89
ZTF20aceokvr,SN IIn,45,124.847
ZTF20acfqngt,SN Ic,50,111.836
ZTF20acgcpuu,CV,22,1402.159
ZTF20acggqfs,SN IIn,71,187.746
ZTF20acghodf,SN IIn,24,46.84
ZTF20acgjixx,CV,20,1961.733
ZTF20acgyjbh,SN II,123,342.016
ZTF20achdcni,SN Ia,28,42.078
ZTF20achksbc,SN Ia,51,47.922
ZTF20achmgee,SN Ia,34,42.817
ZTF20achmmex,SN II,35,102.736
ZTF20achtpbn,SN Ia,24,39.895
ZTF20aciigcw,SN Ia,11,14.945
ZTF20acioekr,CV,21,34.015
ZTF20acioiem,CV,18,35.908
ZTF20aciouqw,CV,19,22.941
ZTF20acithxf,SN Ia,47,36.062
ZTF20acjetyf,SN Ia,19,22.987
ZTF20ackhoov,SN II,43,1999.663
ZTF20ackijbs,AGN,104,2011.679
ZTF20ackkejs,SN Ia,30,49.021
ZTF20acklcyp,SN IIn,364,769.947
ZTF20acknpig,SN II,78,126.887
ZTF20aclkvjy,SN IIn,31,45.894
ZTF20aclnplo,SN Ic,33,716.031
ZTF20aclvtnk,SN II,70,206.19
ZTF20aclxbwk,SN Ia,16,35.894
ZTF20aclzegl,SN Ia,19,41.925
ZTF20acmddof,SN Ia,29,60.93
ZTF20acmyxdb,CV,16,25.898
ZTF20acnviht,AGN,59,799.919
ZTF20acoalxr,AGN,13,30.946
ZTF20acodsyb,AGN,93,2010.739
ZTF20acoqlrd,SN Ia,25,43.913
ZTF20acounxo,SN IIn,59,2006.695
ZTF20acoxtxr,SN Ia,32,30.996
ZTF20acozxxt,CV,18,75.924
ZTF20acpgolz,AGN,418,2007.664
ZTF20acpguww,AGN,180,1988.78
ZTF20acphdcg,SLSN-I,372,2004.751
ZTF20acpkprl,SN Ia,21,30.922
ZTF20acpqbfu,SN II,29,37.998
ZTF20acpxtoc,AGN,129,1890.978
ZTF20acpyldh,SLSN-I,97,200.707
ZTF20acqgklx,SN IIn,71,1937.81
ZTF20acqislg,AGN,374,1858.981
ZTF20acqnfzn,SN IIn,48,151.677
ZTF20acqnhci,AGN,110,1957.704
ZTF20acqoxod,CV,33,1735.244
ZTF20acqpkxj,CV,296,2078.263
ZTF20acqucpz,CV,21,36.944
ZTF20acqzpta,SN Ia,24,35.966
ZTF20acrhrcy,SN Ia,14,30.969
ZTF20acsfdnn,SN Ia,25,49.984
ZTF20acszhad,CV,15,21.915
ZTF20actekrw,SN Ic,21,1925.833
ZTF20actkulc,SN IIn,148,2049.669
ZTF20actlumf,CV,48,1682.253
ZTF20actowqe,CV,38,38.009
ZTF20actpatx,SN Ia,28,48.979
ZTF20actquzl,SN II,51,96.884
ZTF20actzmzp,CV,169,182.74
ZTF20acuaqlf,SN II,29,201.348
ZTF20acueziy,SN Ic,21,46.996
ZTF20acufmrl,CV,77,1881.036
ZTF20acuhlns,CV,14,1446.063
ZTF20acuofwe,AGN,14,1490.837
ZTF20acusylb,SN IIn,182,546.656
ZTF20acvamwo,AGN,75,1548.798
ZTF20acveyyv,SN IIn,76,153.879
ZTF20acvfraq,AGN,259,1704.243
ZTF20acvjlev,SN II,149,1388.168
ZTF20acvlzjg,CV,35,1905.445
ZTF20acwofhd,SN Ic,60,98.898
ZTF20acwpaov,SN Ia,17,33.912
ZTF20acwyoqx,AGN,91,1945.725
ZTF20acxffhe,AGN,22,1922.905
ZTF20acxkfrm,SN II,55,124.687
ZTF20acxncha,SN Ia,30,57.025
ZTF20acxpvhu,SN Ia,28,49.909
ZTF20acynlkj,SN Ia,18,29.961
ZTF20acypdlh,CV,26,981.143
ZTF20aczacou,CV,11,15.908
ZTF20aczgmai,SN IIn,31,106.824
ZTF20acztnts,SN Ia,32,86.804
ZTF20adadrhw,SN Ic,87,137.98
ZTF21aaabviz,SN Ia,36,64.811
ZTF21aaaosoq,SN Ic,24,47.9
ZTF21aaarmhs,CV,23,1856.0
ZTF21aaarmti,SLSN-I,43,47.94
ZTF21aaasirb,AGN,347,1532.976
ZTF21aaaubig,SN Ic,53,100.727
ZTF21aabcyvd,SN Ia,22,42.927
ZTF21aacufip,SN Ic,29,43.914
ZTF21aacvhsc,SN Ia,37,144.314
ZTF21aadkhte,SN II,94,149.814
ZTF21aadoizf,SN II,61,1350.126
ZTF21aaedpyk,CV,11,37.012
ZTF21aaeeuqz,CV,21,79.865
ZTF21aaekmoy,SN Ia,19,42.96
ZTF21aaeoqxf,SN II,35,117.731
ZTF21aafepon,SN II,76,254.153
ZTF21aaffxdt,SN IIn,21,46.924
ZTF21aafkpnp,SN Ia,56,67.775
ZTF21aagkhwf,SN Ia,32,35.908
ZTF21aagnbev,CV,25,72.944
ZTF21aagnqnz,SN IIn,64,388.076
ZTF21aagocor,SN Ia,63,1897.896
ZTF21aagoldn,CV,31,1567.961
ZTF21aagpymw,SLSN-I,98,858.773
ZTF21aagqbvp,SN II,80,92.914
ZTF21aagrbpi,SN Ia,21,43.858
ZTF21aagtqdu,CV,17,105.89
ZTF21aagtqkc,AGN,719,1826.04
ZTF21aagvmtk,CV,19,66.975
ZTF21aagydmn,SN II,30,61.899
ZTF21aahdqrg,SN Ic,52,1945.825
ZTF21aahfjrr,SN IIn,83,130.857
ZTF21aahjlqc,AGN,44,805.884
ZTF21aahptas,SN Ia,21,55.92
ZTF21aajvkwg,CV,20,1830.042
ZTF21aakbgpf,SN Ia,27,49.876
ZTF21aakiqbm,AGN,41,1951.832
ZTF21aakjkec,SLSN-I,65,85.881
ZTF21aakymbv,SN Ic,50,174.292
ZTF21aalgqsv,SN Ia,19,1147.855
ZTF21aalhtgv,SLSN-I,77,1890.822
ZTF21aalkhot,SLSN-I,67,556.707
ZTF21aalrkqr,AGN,195,693.094
ZTF21aalyvyw,SN Ia,23,47.003
ZTF21aamwqim,SN II,32,77.87
ZTF21aamwzfi,SN Ia,42,52.94
ZTF21aanehlz,CV,77,132.788
ZTF21aanhvpo,SN II,17,21.015
ZTF21aannoix,SN Ic,48,97.834
ZTF21aanwmxn,SN II,59,92.879
ZTF21aaocwmx,CV,37,1822.043
ZTF21aaodljj,SN Ia,45,66.041
ZTF21aaopqyt,CV,15,33.047
ZTF21aaphjyn,CV,17,22.927
ZTF21aapjmgf,SN II,54,81.935
ZTF21aapkcmr,SN II,33,72.973
ZTF21aappdnv,SLSN-I,39,1821.029
ZTF21aappkns,SN IIn,30,1132.932
ZTF21aaqafcf,SN Ia,47,66.92
ZTF21aaqhqke,SN IIn,100,257.274
ZTF21aaqjmps,SN II,70,108.924
ZTF21aaqldsj,SN II,40,87.948
ZTF21aaqldsk,SN Ic,85,82.916
ZTF21aaqmqyp,CV,39,65.875
ZTF21aaqpykm,SN Ia,43,56.909
ZTF21aaqqlfw,SN Ia,27,39.036
ZTF21aaqqwsa,AGN,507,1753.567
ZTF21aaquhqr,SN II,160,1925.846
ZTF21aaquyjp,CV,22,109.844
ZTF21aaqvhgk,CV,18,1405.144
ZTF21aaqzrat,CV,20,23.92
ZTF21aaradzm,SN IIn,93,124.876
ZTF21aarcobt,SN IIn,71,188.772
ZTF21aarmkuj,SN Ia,35,43.984
ZTF21aastazz,SN Ia,21,28.034
ZTF21aatdzmt,SN Ia,43,67.912
ZTF21aatlewl,AGN,452,1947.853
ZTF21aatnpnl,CV,25,1847.017
ZTF21aatscez,CV,55,1894.98
ZTF21aatvqcl,SN II,33,40.04
ZTF21aautijg,SN IIn,82,116.909
ZTF21aavbrwr,SN Ia,32,47.989
ZTF21aavdqgf,SLSN-I,55,95.885
ZTF21aavhlry,SN Ia,52,79.773
ZTF21aavodst,SN Ia,10,16.004
ZTF21aavoqpl,SN II,70,42.045
ZTF21aavumzc,CV,84,1694.696
ZTF21aavuprt,CV,21,1605.748
ZTF21aavuqzr,SN IIn,257,211.669
ZTF21aavutkm,SN Ia,40,114.755
ZTF21aawckpe,SN Ia,26,77.926
ZTF21aawgzda,SN II,36,57.167
ZTF21aawlwoy,SN Ia,31,43.995
ZTF21aawtazf,SN Ia,44,31.975
ZTF21aaxgowh,CV,26,577.239
ZTF21aaxjvyl,SN II,42,31.917
ZTF21aaxtctv,SN Ic,50,202.34
ZTF21aaxtije,SN IIn,226,188.872
ZTF21aaxwpyv,SLSN-I,157,1911.761
ZTF21aaydxoo,SN IIn,32,41.961
ZTF21aaygchh,CV,12,59.946
ZTF21aaygmrl,SN IIn,146,107.862
ZTF21aaygqkb,SN Ic,71,105.847
ZTF21aaylpht,CV,20,1817.011
ZTF21aaylroe,CV,10,1052.072
ZTF21aazybsh,SN II,52,84.836
ZTF21abaauot,AGN,34,530.726
ZTF21ababatx,AGN,346,1830.002
ZTF21abaiono,SLSN-I,14,17.063
ZTF21abbkwhn,CV,20,1412.151
ZTF21abbqeea,SLSN-I,74,123.851
ZTF21abbxnbm,CV,37,391.976
ZTF21abcgaln,SN Ic,56,120.827
ZTF21abcpsjy,SLSN-I,59,110.938
ZTF21abdmevk,SN II,96,716.039
ZTF21abezcph,CV,28,34.979
ZTF21abflgpq,SN Ia,35,67.898
ZTF21abfmuun,SN Ia,13,17.999
ZTF21abfnjiu,SN Ia,67,51.932
ZTF21abfoxwp,SN Ia,19,46.896
ZTF21abghumo,SN IIn,90,146.791
ZTF21abgjdtt,CV,27,44.876
ZTF21abhqhqb,SN II,29,29.986
ZTF21abhqqfa,SN IIn,37,65.856
ZTF21abhthvj,SN Ia,15,41.981
ZTF21abiacoi,SN Ia,39,80.936
ZTF21abicgai,SN Ia,39,79.978
ZTF21abidtrd,SN Ia,29,65.962
ZTF21abiwpjm,SN IIn,66,322.07
ZTF21abjamta,SN II,16,44.964
ZTF21abjhiqp,SN IIn,58,99.821
ZTF21abjtqyq,SN Ia,91,1118.961
ZTF21abklcjq,SN Ic,45,66.939
ZTF21abnvlnj,SN II,13,27.987
ZTF21abouznj,SN II,24,52.965
ZTF21abowrey,SN Ia,15,31.979
ZTF21abpxquj,SN IIn,100,104.792
ZTF21abqjjrb,SN II,25,43.91
ZTF21abraccv,SN Ic,49,95.8
ZTF21abrfvax,SN Ic,19,116.375
ZTF21abrqria,SLSN-I,70,97.945
ZTF21abrxoir,SN Ia,105,93.799
ZTF21absvlrr,SN Ia,112,111.798
ZTF21absyjff,SLSN-I,58,99.875
ZTF21abtdvpg,SN IIn,102,310.062
ZTF21abtorlk,SN IIn,50,91.883
ZTF21abtxxdq,SN II,112,245.712
ZTF21abufayv,SN Ia,30,44.84
ZTF21abugfqj,CV,54,1440.189
ZTF21abujgmr,SN IIn,77,649.978
ZTF21abvcxel,SN II,50,87.904
ZTF21abvcxid,SN II,46,88.86
ZTF21abvdikq,SN II,51,77.875
ZTF21abvuttc,SN Ia,34,69.885
ZTF21abvwuxm,SN Ia,26,71.909
ZTF21abxlmuw,SN IIn,96,476.864
ZTF21abxnghi,SN Ia,22,55.891
ZTF21abxniow,SN Ia,18,29.954
ZTF21abxowzx,AGN,449,1785.146
ZTF21abxtfwo,SN IIn,35,81.841
ZTF21abzxkyv,SN Ia,28,39.965
ZTF21acaohjl,CV,13,17.002
ZTF21acaspdb,SN Ia,17,22.99
ZTF21acbphas,SN Ia,16,33.945
ZTF21acbxtqq,SN Ia,21,58.943
ZTF21accgsbf,SN IIn,131,462.768
ZTF21accwovq,SLSN-I,35,71.852
ZTF21acdkbai,SN Ia,14,51.896
ZTF21acdphro,SN Ia,21,45.958
ZTF21aceejop,CV,11,31.048
ZTF21acenkuf,SN Ia,28,55.88
ZTF21acfajbc,SN II,35,199.789
ZTF21acgrero,CV,18,33.014
ZTF21acisemu,SN Ia,14,30.975
ZTF21aciubsk,CV,72,274.171
ZTF21acjjtmh,CV,12,5.998
ZTF21acjnzdh,SN Ia,14,22.901
ZTF21acjoorl,SN Ic,15,19.953
ZTF21acjxjpu,SN Ic,15,121.766
ZTF21acjxzsa,SN Ic,19,150.883
ZTF21ackrvob,SN Ia,10,11.062
ZTF22aaabnwa,SN Ia,31,78.777
ZTF22aaabpqn,SN II,40,84.952
ZTF22aaaedvr,SN II,45,135.789
ZTF22aaaenuc,SN Ia,16,40.946
ZTF22aaaepck,SN II,23,41.053
ZTF22aaaffxq,SN Ia,11,51.092
ZTF22aaafkvn,SN Ic,39,94.931
ZTF22aaafrcl,SN II,27,69.872
ZTF22aaagtej,SN II,20,234.332
ZTF22aaagvdj,CV,179,1316.275
ZTF22aaahglh,SN Ia,10,18.014
ZTF22aaajbnz,SN IIn,12,55.832
ZTF22aaajuya,SN Ia,21,59.995
ZTF22aaakran,AGN,254,1280.703
ZTF22aaavods,SN II,15,72.0
ZTF22aabhpei,CV,11,1127.922
ZTF22aabvetw,SN Ia,18,84.928
ZTF22aabwemz,SN IIn,11,41.851
ZTF22aabwxtw,AGN,396,1437.143
ZTF22aabxuxf,SN IIn,147,426.009
ZTF22aacfkpb,SN Ia,34,218.29
ZTF22aacruke,SN Ia,10,61.801
ZTF22aadesap,AGN,479,1403.199
ZTF22aadesjc,SN IIn,147,377.119
ZTF22aadeuwu,SLSN-I,95,152.878
ZTF22aadolby,SN II,71,103.036
ZTF22aadqgoa,SLSN-I,31,76.914
ZTF22aadtowh,SN II,27,38.025
ZTF22aaedebi,SN II,24,35.004
ZTF22aaemoot,SN II,22,49.959
ZTF22aaetqzk,SN IIn,184,941.711
ZTF22aafapdd,CV,22,1223.764
ZTF22aagvtzz,SN IIn,46,106.902
ZTF22aagvxjc,SN IIn,85,123.835
ZTF22aagzmcz,SN Ic,14,44.977
ZTF22aahgubb,SN II,29,38.046
ZTF22aaikzzr,SN Ia,14,22.053
ZTF22aaitzvr,SN II,55,77.937
ZTF22aajcupz,SN IIn,47,63.046
ZTF22aajijjf,SN Ia,58,83.937
ZTF22aajjqti,CV,56,74.894
ZTF22aajltzm,CV,52,1421.132
ZTF22aajluly,CV,21,34.004
ZTF22aajowwt,SN II,32,75.845
ZTF22aajsdkt,SN II,91,1391.16
ZTF22aajsqdv,SN Ia,21,33.917
ZTF22aajtsxd,CV,22,21.046
ZTF22aakhqrd,CV,24,974.233
ZTF22aakyeps,SLSN-I,48,54.016
ZTF22aalzjdc,SLSN-I,30,46.936
ZTF22aamzzjw,SN Ia,79,53.996
ZTF22aanesux,SN IIn,161,676.142
ZTF22aanjyae,SN IIn,209,344.088
ZTF22aanmbrl,SN II,78,84.989
ZTF22aanrqje,SN II,61,111.913
ZTF22aanwibf,SN IIn,288,434.015
ZTF22aanyxmg,SN IIn,25,949.698
ZTF22aanzbru,SN II,20,88.995
ZTF22aanzrlh,SN Ia,56,76.813
ZTF22aaofdht,CV,38,648.101
ZTF22aaohilj,SN IIn,67,101.777
ZTF22aaoippk,SN Ia,34,59.862
ZTF22aaokebo,SN II,52,81.874
ZTF22aaokiud,SN Ia,106,126.93
ZTF22aaoolfh,SN Ia,32,75.947
ZTF22aaoolua,SN Ic,24,68.931
ZTF22aaoqfsm,SN Ia,36,49.081
ZTF22aaoskwd,SN Ia,24,31.022
ZTF22aaowhti,SN Ia,20,38.962
ZTF22aapgtoe,CV,34,839.888
ZTF22aapjqpn,SLSN-I,94,155.764
ZTF22aapmawo,SN IIn,18,20.94
ZTF22aarntxu,CV,29,1089.039
ZTF22aarqrxf,SLSN-I,54,101.852
ZTF22aarqzls,SN Ia,47,86.844
ZTF22aarrawv,SN IIn,73,117.942
ZTF22aarwpcf,SN Ia,26,54.876
ZTF22aaslyzf,SN II,20,38.853
ZTF22aaszlph,SN Ia,49,83.866
ZTF22aatfjcy,SN IIn,95,347.016
ZTF22aativsd,SN II,120,282.078
ZTF22aattfmb,SN II,47,99.899
ZTF22aavcvgd,SN II,50,90.839
ZTF22aaybwtp,CV,19,35.939
ZTF22aaygscd,SN II,31,77.924
ZTF22aazpfxt,SN Ia,23,54.943
ZTF22aazuqah,CV,40,41.041
ZTF22abanshu,AGN,14,20.977
ZTF22abbdxho,SN Ic,10,16.933
ZTF22abbgyvi,SN Ia,58,66.824
ZTF22abbiwrr,SN II,54,102.853
ZTF22abckjon,SN II,46,121.723
ZTF22abcvfgs,SLSN-I,57,121.726
ZTF22abebxpb,AGN,53,490.677
ZTF22abevczq,CV,27,46.938
ZTF22abewvtv,SN II,70,220.724
ZTF22abeyzcl,SN IIn,35,62.832
ZTF22abfrkoh,SN Ic,31,80.73
ZTF22abfskre,SN Ia,27,55.811
ZTF22abfuoce,SN Ia,18,29.039
ZTF22abfuyqr,SN Ia,31,1361.221
ZTF22abfyvhf,SN IIn,32,96.917
ZTF22abgcigh,CV,19,29.941
ZTF22abghrui,SN IIn,113,254.666
ZTF22abhclyh,SN IIn,62,171.731
ZTF22abhsxkn,SN Ia,28,38.955
ZTF22abhwlnm,SN IIn,131,497.736
ZTF22abiupzw,SN IIn,59,60.947
ZTF22abizuah,SN IIn,93,522.748
ZTF22abjpcjy,SN Ia,65,62.827
ZTF22abjrcte,SN Ia,12,116.401
ZTF22abjrrea,SN II,11,15.949
ZTF22abkbmob,SLSN-I,46,140.72
ZTF22abllclb,SN Ic,19,25.966
ZTF22abmonux,SN Ic,21,39.964
ZTF22abmxsoc,SN Ic,35,71.919
ZTF22abnfjsm,SN IIn,204,808.947
ZTF22abqbqty,SN II,30,55.897
ZTF22abqpflu,SN Ia,16,29.978
ZTF22absmdsy,SN II,22,72.92
ZTF22abspgzy,SN Ia,25,54.118
ZTF22absqhkw,SN II,31,48.874
ZTF22abstcjq,SN Ia,36,49.964
ZTF22abtcpig,SN IIn,119,413.777
ZTF22abtctzp,SN II,31,83.869
ZTF22abtfczg,SN II,27,85.881
ZTF22abtjcbg,SN Ia,35,37.916
ZTF22abtlaew,SN Ia,22,41.026
ZTF22abtmrfr,SN II,34,85.833
ZTF22abtondh,CV,18,1174.808
ZTF22abtsypf,SN IIn,100,348.984
ZTF22abuhfdv,SN Ia,11,16.986
ZTF22abulmbx,SN Ia,20,36.949
ZTF22abvcnnl,SLSN-I,27,85.886
ZTF22abvmfrq,SN II,10,64.921
ZTF22abxltfq,SN IIn,67,211.67
ZTF22abxmdxh,SN Ia,10,32.968
ZTF22abyanxw,AGN,44,1240.693
ZTF22abyiisu,SN II,13,43.951
ZTF22abynkpz,SLSN-I,34,138.81
ZTF22abyuxlw,SN Ia,40,134.924
ZTF22abzgbtq,SN IIn,230,423.905
ZTF22abztcly,SN Ic,198,250.294
ZTF22acahury,SN II,21,85.976
ZTF23aaaahln,SN Ia,18,40.037
ZTF23aaabzea,SN IIn,114,905.681
ZTF23aaahuzc,SN Ia,11,63.869
ZTF23aaaigqy,SN II,84,270.225
ZTF23aaamjwv,CV,19,57.934
ZTF23aaanxbm,CV,23,48.083
ZTF23aaarvxj,SLSN-I,41,111.912
ZTF23aaavyag,SN IIn,90,197.766
ZTF23aaawatw,SN II,66,1093.059
ZTF23aaazffe,SN Ic,35,123.88
ZTF23aaaznjk,SN Ic,10,22.035
ZTF23aabkxss,AGN,235,1158.836
ZTF23aabmbdj,SN Ia,11,22.012
ZTF23aabrgtk,CV,28,452.914
ZTF23aaccacy,SLSN-I,69,213.198
ZTF23aachsdv,SN Ic,19,85.874
ZTF23aaclqtq,SN II,26,80.962
ZTF23aacnkyh,SN Ia,29,95.897
ZTF23aacvise,SN Ia,18,67.938
ZTF23aaczpmh,SN Ia,18,42.021
ZTF23aaczunw,SN IIn,65,334.177
ZTF23aadaxfn,SN Ic,22,85.039
ZTF23aadbbxv,SN II,31,75.03
ZTF23aadbswn,SN Ia,26,64.875
ZTF23aadbzfq,SN II,39,87.897
ZTF23aadcgak,SN II,36,136.76
ZTF23aadchqd,SN IIn,240,518.771
ZTF23aadjoew,SN Ic,75,1040.174
ZTF23aadruma,SN II,43,86.752
ZTF23aadtvmb,SN IIn,41,323.955
ZTF23aadudtr,SN Ic,16,994.23
ZTF23aaecexq,SN IIn,70,107.914
ZTF23aaecgwh,SN Ic,24,49.934
ZTF23aaekejj,SN Ia,25,42.98
ZTF23aaekwbn,SN II,73,283.064
ZTF23aaelbbq,SN Ia,30,29.999
ZTF23aaemgto,SN Ia,48,59.874
ZTF23aaemnzd,SN Ic,21,43.974
ZTF23aaeqonb,SN II,32,75.914
ZTF23aaexcmm,SN Ia,24,35.998
ZTF23aafwykt,SN Ic,18,39.88
ZTF23aaggwfh,SN II,20,44.968
ZTF23aaghvkj,SN Ia,31,60.953
ZTF23aagkutf,SN II,25,49.931
ZTF23aaglprc,SN Ia,29,41.028
ZTF23aagqyym,SN II,18,42.005
ZTF23aahyznf,SN Ia,42,71.908
ZTF23aaicagr,SN Ia,19,31.978
ZTF23aaixdcm,SN II,108,190.707
ZTF23aajahua,SN Ia,22,41.905
ZTF23aajakys,SN Ic,26,34.01
ZTF23aajfere,SN Ic,51,88.816
ZTF23aajhosl,SN II,20,39.991
ZTF23aajkisd,SN IIn,52,105.99
ZTF23aajmpsa,SN Ia,44,64.918
ZTF23aajpxbm,SN Ic,68,124.842
ZTF23aajsjon,SN II,30,83.791
ZTF23aakstht,SN Ic,74,141.859
ZTF23aalftvv,SN II,89,175.727
ZTF23aalgqsq,SN IIn,193,407.017
ZTF23aaltnze,SN Ia,37,61.829
ZTF23aamsavc,SN Ia,16,26.035
ZTF23aamshoi,SN IIn,142,436.943
ZTF23aamskdj,SN II,202,456.916
ZTF23aamubjk,SN Ia,34,53.973
ZTF23aansdlc,SN IIn,35,55.929
ZTF23aaohqcn,SN IIn,107,461.951
ZTF23aaphnyz,SN II,76,136.874
ZTF23aapsuva,SN IIn,105,165.726
ZTF23aapvsqz,SN Ia,49,98.824
ZTF23aapwlkh,SN II,43,82.896
ZTF23aaqmwto,SN II,51,103.82
ZTF23aaquolj,SN IIn,84,126.828
ZTF23aarfblz,SN Ia,23,46.933
ZTF23aarzbzn,SN Ia,24,43.947
ZTF23aasbvab,SN II,145,115.83
ZTF23aatdcey,SN IIn,68,144.794
ZTF23aavdhtr,SN Ia,10,20.045
ZTF23aavecfo,SN II,25,60.044
ZTF23aavmthe,SN IIn,73,512.695
ZTF23aavvckk,SN IIn,61,167.708
ZTF23aavvdix,SN II,120,103.914
ZTF23aawtmcf,SN Ic,21,65.917
ZTF23aazodoj,SLSN-I,49,80.916
ZTF23abawgqs,SN Ia,13,42.994
ZTF23abaxlrz,SN Ic,53,97.804
ZTF23abaxtlq,SN II,115,102.817
ZTF23abbanlv,SN II,22,28.916
ZTF23abbaqbs,SN Ia,25,38.906
ZTF23abbccir,SN II,55,117.799
ZTF23abbcdlp,SN Ia,30,47.925
ZTF23abbekte,SN Ia,32,44.966
ZTF23abbzhug,SN II,60,94.804
ZTF23abcglga,SN Ic,45,88.795
ZTF23abdshvl,SN Ic,32,80.835
ZTF23abhvsbo,SN Ia,21,106.415
ZTF23abhweyr,SN II,26,730.053
ZTF23abhzcbs,SN Ia,19,39.999
ZTF23abhzfww,SN II,36,117.887
ZTF23abhzwll,SN Ia,20,42.967
ZTF23abjarpv,SLSN-I,27,66.871
ZTF23abjbkau,SN Ia,12,14.968
ZTF23abjhbcr,SLSN-I,17,24.949
ZTF23abjhwem,SN IIn,66,368.951
ZTF23abjikaf,SN IIn,39,66.836
ZTF23abjrolk,SN Ic,19,60.921
ZTF23abjvuwc,SN IIn,88,447.83
ZTF23abjzcde,SN II,30,111.889
ZTF23abkhwgb,SN IIn,56,188.721
ZTF23abkphfu,SN IIn,25,81.887
ZTF23ablaxwm,SN II,26,87.925
ZTF23ablutgq,SN IIn,11,24.971
ZTF23abnpdod,CV,28,487.425
ZTF23aboebgh,SLSN-I,50,157.725
ZTF23abogwmg,SN Ia,32,77.0
ZTF23abomtjc,SN Ic,111,103.713
ZTF23aboywdj,SN II,24,104.815
ZTF23abpnqng,SN II,15,69.962
ZTF23abqimmw,SN IIn,118,445.952
ZTF23abqkppm,SN II,43,142.757
ZTF23abrydus,SN IIn,14,54.032
ZTF23absbjlp,SN Ic,11,26.931
ZTF23absdibx,SN IIn,26,90.854
ZTF23absgcqv,SN Ic,18,39.953
ZTF23absjbyu,SN Ia,16,517.771
ZTF23absjgik,SN Ia,39,144.743
ZTF23abtcveg,SN Ia,33,67.025
ZTF23abtjrbz,SN Ic,19,86.772
ZTF23abtycgb,SN II,20,35.007
ZTF23abvokyz,SLSN-I,19,58.007
ZTF23abvryfw,SN Ia,33,147.78
ZTF24aaabybk,SN Ic,13,38.957
ZTF24aaaimkm,SLSN-I,15,42.044
ZTF24aabbxvs,AGN,572,844.811
ZTF24aabppgn,SN II,24,115.818
ZTF24aabpzuz,SN II,58,327.882
ZTF24aabqfbn,SN II,27,64.904
ZTF24aacrbua,SLSN-I,76,193.688
ZTF24aacxzca,SN II,16,81.816
ZTF24aadauao,SN Ia,12,32.93
ZTF24aadfmaf,SLSN-I,70,173.769
ZTF24aaegbrh,SN II,13,38.99
ZTF24aaerzgz,SN IIn,175,294.572
ZTF24aaffjrc,SN Ia,16,50.863
ZTF24aafqxmg,SN IIn,133,220.713
ZTF24aagfeti,SLSN-I,95,179.689
ZTF24aagkjca,SN Ic,11,63.886
ZTF24aagterj,SLSN-I,16,53.99
ZTF24aagtesv,SN IIn,17,69.911
ZTF24aagtmbq,SN Ic,25,83.862
ZTF24aagtqam,SN II,45,100.777
ZTF24aagwnen,SN Ia,36,155.281
ZTF24aahdfdo,SN IIn,46,110.82
ZTF24aahgqwk,SN II,77,260.244
ZTF24aahhanf,SN II,24,66.047
ZTF24aahmyct,SN II,22,67.831
ZTF24aahnutv,SLSN-I,65,144.782
ZTF24aahoxay,SN II,19,60.935
ZTF24aahtdhb,SN IIn,57,101.907
ZTF24aahxmmu,SN II,50,74.938
ZTF24aaieino,SN Ia,21,39.912
ZTF24aaifila,SN IIn,191,205.702
ZTF24aaimzkp,SN II,40,108.856
ZTF24aaisnlp,SN IIn,111,147.89
ZTF24aajqwsm,SN Ia,63,103.793
ZTF24aajzrsq,SN II,36,55.875
ZTF24aakfltk,SN Ia,41,43.129
ZTF24aakftxp,SN Ic,18,55.899
ZTF24aalbxfh,CV,17,9.017
ZTF24aalcflg,SN Ia,38,46.981
ZTF24aaleeji,SN IIn,82,125.808
ZTF24aalsuwb,SN Ia,32,40.919
ZTF24aamiomv,SN IIn,77,385.946
ZTF24aamtvxb,SN Ia,43,331.99
ZTF24aamyrwl,CV,24,63.921
ZTF24aanbjel,SN II,169,135.883
ZTF24aanmitt,AGN,135,86.88
ZTF24aaooxcd,SN II,39,83.885
ZTF24aaoupgb,SN II,61,104.964
ZTF24aaowjlw,SLSN-I,62,209.221
ZTF24aapadbb,SLSN-I,100,271.089
ZTF24aapexhw,SN II,47,215.221
ZTF24aapgvir,CV,11,15.022
ZTF24aarafaw,SN Ia,27,53.017
ZTF24aasnamf,SN Ia,40,92.006
ZTF24aasqeih,SLSN-I,17,45.935
ZTF24aateouu,SN Ic,15,32.96
ZTF24aatjphv,SN IIn,137,430.977
ZTF24aaugxzp,SN II,58,99.876
ZTF24aawakwl,SN II,128,678.1
ZTF24aawjwxx,SN Ic,39,56.806
ZTF24aaxnvou,SN II,56,117.873
ZTF24aayimjt,SN Ic,49,66.853
ZTF24aaysiig,SN Ia,19,57.061
ZTF24aaysowl,SLSN-I,84,357.986
ZTF24aayswrc,SN Ia,13,32.959
ZTF24aazmqbf,SN Ic,47,76.881
ZTF24aaztbct,SN Ic,16,49.078
ZTF24abakgyn,SN Ia,57,86.936
ZTF24abbggnw,SLSN-I,31,69.803
ZTF24abbrcrq,SN Ia,33,38.831
ZTF24abbrvli,SN Ia,25,40.88
ZTF24abbtigi,SN Ia,15,40.001
ZTF24abccoav,SN Ia,30,35.906
ZTF24abchpnc,SN Ic,11,40.879
ZTF24abcrgam,SN Ia,26,48.994
ZTF24abcugcf,SN IIn,29,74.835
ZTF24abdumvs,SN II,47,96.878
ZTF24abeivan,SN IIn,47,70.891
ZTF24abeywka,SN IIn,91,429.97
ZTF24abgoksi,SN II,129,170.726
ZTF24abhexdw,SN IIn,28,60.92
ZTF24abhgjqn,SN II,42,55.819
ZTF24abhhzrp,SN Ic,15,52.914
ZTF24abhptym,SN II,28,162.345
ZTF24abhrlfz,SN Ia,19,39.951
ZTF24abhsqly,SN Ic,24,27.985
ZTF24abijcdx,SN II,19,104.364
ZTF24abjftxl,SN IIn,71,137.73
ZTF24abjledk,SN Ia,26,33.024
ZTF24abkauuv,SN Ia,20,39.975
ZTF24abkjtsn,SN Ia,36,54.902
ZTF24ablsxza,SN Ic,26,41.883
ZTF24abltheg,SN Ic,20,40.861
ZTF24abluyoy,SN Ia,164,284.104
ZTF24abmtnee,SN II,87,201.733
ZTF24abnafgr,SN Ic,19,38.972
ZTF24abncuhj,SN Ic,73,95.803
ZTF24abnepdg,SN II,43,95.731
ZTF24abnsdev,SN II,15,85.886
ZTF24abnsght,SN Ic,19,39.985
ZTF24abpiwwi,SN IIn,109,177.834
ZTF24abprtdf,SN Ia,24,49.896
ZTF24abqkitr,SN Ia,18,32.913
ZTF24abrumcf,SN IIn,32,81.775
ZTF24abrzgil,SN II,34,73.958
ZTF24absgzvv,SN II,49,84.91
ZTF24absznoi,SN Ic,16,51.871
ZTF24abtartn,SN Ia,31,225.196
ZTF24abtbalq,SN II,55,64.878
ZTF24abtblmg,SN II,12,42.939
ZTF24abteeyt,SLSN-I,16,38.858
ZTF24abtlppf,SLSN-I,36,74.897
ZTF24abtmueg,SLSN-I,52,113.848
ZTF24abtnkbi,SN Ic,37,122.768
ZTF24abugkym,SN II,32,86.063
ZTF24abuvlqg,SN IIn,49,190.714
ZTF24abvbcxs,SN II,29,80.945
ZTF24abvbzbd,SN II,30,63.942
ZTF24abxpkhb,SN IIn,35,66.97
ZTF24abxqumm,SN II,41,105.878
ZTF24abxvcrm,SN II,37,194.642
ZTF24abxvcyp,SN Ia,28,44.852
ZTF24abxvxpa,SN II,20,56.785
ZTF24abxxfzd,SN Ia,18,41.086
ZTF24abxxniy,SN Ic,11,96.77
ZTF24abyaspl,SN Ic,25,58.907
ZTF24abydqbu,SN Ia,15,42.958
ZTF24abyhkwl,SN II,124,171.765
ZTF24abymeet,SN IIn,44,226.303
ZTF24abzmhtv,SN Ic,23,33.933
ZTF24abzwpkx,SN II,17,58.007
ZTF24acacfhu,SN IIn,16,66.938
ZTF24acaeozu,SN II,75,244.113
ZTF25aaabnwi,SN IIn,130,398.895
ZTF25aaadqsi,SN II,112,288.117
ZTF25aaaecsu,SLSN-I,36,82.053
ZTF25aabobjw,SN Ic,159,345.96
ZTF25aacawsr,AGN,114,487.708
ZTF25aacbbqh,SN II,44,106.842
ZTF25aacbtmd,SN II,49,105.999
ZTF25aacdjzo,SN Ic,72,166.784
ZTF25aadeltq,SN II,20,89.928
ZTF25aadhpuz,SN IIn,34,353.018
ZTF25aadhuav,SN Ia,13,27.99
ZTF25aadlcbi,SN Ia,32,78.135
ZTF25aadobka,SN Ia,49,51.921
ZTF25aaexcaf,SLSN-I,35,320.032
ZTF25aafdnuf,SN Ic,28,83.851
ZTF25aafofmu,SN IIn,20,64.919
ZTF25aafpooi,SN Ia,14,12.985
ZTF25aafrgdv,SN II,34,81.97
ZTF25aagbrpb,SN IIn,94,335.014
ZTF25aaglicm,SN II,33,101.819
ZTF25aagvkqj,SN Ia,16,43.969
ZTF25aahmdjb,SN IIn,24,65.973
ZTF25aaidlpx,SN Ia,23,64.925
ZTF25aairhqk,SN IIn,201,485.77
ZTF25aaizyki,SN Ia,50,96.813
ZTF25aajbcmc,SLSN-I,25,51.975
ZTF25aajqkss,SN Ia,18,51.021
ZTF25aajygin,SN II,91,274.134
ZTF25aanikpq,SLSN-I,13,24.016
ZTF25aanxtou,SLSN-I,40,71.035
ZTF25aaozpsn,SN Ia,23,59.886
ZTF25aaozsgb,SN Ia,24,194.267
ZTF25aaprgjx,SN II,26,55.869
ZTF25aapsdaj,SLSN-I,162,130.914
ZTF25aapwsyj,SN Ia,13,33.028
ZTF25aaqyaob,SN II,47,91.835
ZTF25aardatq,SN IIn,25,38.996
ZTF25aaremst,SN II,33,82.877
ZTF25aarhgtc,SN II,28,94.969
ZTF25aarutux,SN II,14,38.868
ZTF25aasltmi,SN IIn,31,123.846
ZTF25aatrvpg,SN Ia,12,22.99
ZTF25aattqgf,SN II,20,27.982
ZTF25aaufltl,SN II,101,220.654
ZTF25aauhsoe,SN II,117,223.657
ZTF25aaupzsu,SN Ic,20,15.055
ZTF25aavozkg,SN Ic,17,186.332
ZTF25aavxepu,SN Ic,12,17.039
ZTF25aawmdtp,SN Ic,19,101.957
ZTF25aaxegmh,SLSN-I,88,39.941
ZTF25aaxikcw,SN II,31,98.873
ZTF25aaynaqk,CV,91,150.866
ZTF25aayvwoc,SN Ic,13,28.914
ZTF25aazhyde,SLSN-I,14,54.001
ZTF25aazivum,SN IIn,19,28.912
ZTF25abbzcps,SN IIn,131,224.206
ZTF25abbzsku,SN Ic,80,41.987
ZTF25abclliu,SN Ic,75,142.809
ZTF25abcydiy,SLSN-I,173,71.804
ZTF25abflwya,SN Ia,26,64.912
ZTF25abghnwv,SN Ia,93,54.955
ZTF25abgvdwu,SN IIn,31,150.709
ZTF25abibaem,SN Ia,121,50.842
ZTF25abiiuxz,SN II,42,79.852
ZTF25abikqkb,SN II,21,69.941
ZTF25abimmqu,SN II,25,51.936
ZTF25abioriw,SN Ia,47,78.929
ZTF25abitcpd,SN Ic,77,153.758
ZTF25abiwxmw,SLSN-I,58,76.936
ZTF25abiwxpf,SN Ia,27,39.999
ZTF25abixhdc,SLSN-I,88,45.037
ZTF25abjjlgl,SN IIn,66,103.847
ZTF25abkrljh,SN Ia,28,70.905
ZTF25ablulax,SN Ic,83,142.698
ZTF25abmhchv,SN IIn,48,162.376
ZTF25abmjfcf,SLSN-I,37,86.875
ZTF25abmkbaa,SN Ia,21,36.91
ZTF25abmsmeg,SN Ic,64,112.873
ZTF25abmtjsr,SN II,58,113.796
ZTF25abogfap,SN Ia,16,47.903
ZTF25abphhyk,SN II,62,103.807
ZTF25abpkect,SN Ia,64,46.005
ZTF25abpzwne,SN IIn,32,25.996
ZTF25abqiaaj,SLSN-I,20,126.391
ZTF25abqsbxy,SN Ic,47,213.192
ZTF25absdrsu,SN Ia,41,81.855
ZTF25abudaqa,SN II,29,80.723
ZTF25abuvsvz,SN II,24,115.732
ZTF25abvbjre,SN Ic,39,29.867
ZTF25abvcnay,SN Ic,23,31.98
ZTF25abwkiga,SN II,63,71.809
ZTF25abxdlzo,SN II,38,96.716
ZTF25abxdupm,SN Ia,21,39.934
ZTF25abxfpgs,SN Ia,30,37.986
ZTF25abxfsza,SLSN-I,39,128.35
ZTF25abxjtkv,SN IIn,160,192.729
ZTF25abxlcab,SLSN-I,96,237.288
ZTF25abxqslz,SN IIn,47,63.959
ZTF25abyevmr,SN Ic,62,108.909
ZTF25abyrwhz,SLSN-I,54,107.948
ZTF25abzudli,SN Ic,24,58.886
ZTF25abzyzac,SLSN-I,38,57.97
ZTF25acapnze,SN Ia,10,78.815
ZTF25accmopr,SLSN-I,100,140.739
ZTF25accmunu,SN Ic,24,73.897
ZTF25aceeppc,SLSN-I,33,85.693
ZTF25aceglpp,SN II,48,73.897
ZTF25acehbsy,SN Ia,19,33.972
ZTF25acehjpc,SN Ia,42,76.836
ZTF25acelvvz,SN Ia,33,33.996
ZTF25acemaph,SLSN-I,211,205.665
ZTF25acfbplr,SLSN-I,30,52.801
ZTF25acffkdr,SN II,78,142.749
ZTF25acfkoue,SN Ic,23,60.919
ZTF25acfkvbq,SN Ia,30,59.965
ZTF25acfojmo,SLSN-I,138,187.732
ZTF25acfwpoa,SN Ia,37,45.98
ZTF25acfybcc,SLSN-I,31,60.986
ZTF25acgctjf,SN Ia,19,44.91
ZTF25acgggyl,SN IIn,36,58.959
ZTF25acggpbd,SN IIn,27,230.277
ZTF25acgnldr,SN Ia,22,39.022
ZTF25acgorke,SN IIn,27,53.984
ZTF25acgqhry,SN Ia,20,39.895
ZTF25acgztnh,SN Ia,21,58.982
ZTF25achiqqs,SN Ia,62,71.863
ZTF25achlrsy,SN Ic,14,94.438
ZTF25acibvls,SLSN-I,87,146.836
ZTF25acjpdld,SN Ia,18,35.93
ZTF25ackyjjn,SN Ia,17,38.959
